date,headline,summary
2025-02-17,Spotify Technology S.A. (SPOT): Among the Best Streaming Service Stocks to Buy According to Analysts,"We recently compiled a list of the 12 Best Streaming Service Stocks to Buy According to Analysts. In this article, we are going to take a look at where Spotify Technology S.A. (NYSE:SPOT) stands against the other streaming service stocks. The live streaming market size is expected to increase by US$20.64 billion, reflecting a CAGR of ~16.6% […]"
2025-02-17,"Should You Buy, Sell or Hold The Trade Desk Stock Post Q4 Earnings?","TTD faces challenges with slower platform adoption and competitive pressures, but strong demand in CTV and key partnerships offer growth potential."
2024-03-31,20 Best Personal Finance Podcasts in 2024,"In this article, we will take a look at the 20 best personal finance podcasts in 2024. If you want to skip our detailed analysis, you can go directly to the 5 Best Personal Finance Podcasts in 2024. Personal Finance: Why is it Important? Personal finance is the management of financial resources and decisions made […]"
2024-03-30,"Wall Street's Top 10 Stock Calls This Week - Saturday, March 30",Looking for stock market analysis and research with proves results? Zacks.com offers in-depth financial research with over 30years of proven results.
2024-03-29,Datadog: Growth Prospect Still Alive With Big Milestones Achieved,"Datadog has seen significant growth, with its stock up 65.64% since we last wrote about it, beating the market by close to 40%. Learn why we still rate DDOG as a buy."
2025-01-26,Universal Music Group and Spotify strike new agreement,"Universal Music Group , the world's biggest music label, and Swedish streaming giant Spotify have reached a new multi-year agreement for recorded music and music publishing, they said on Sunday. ..."
2025-01-26,ClearBridge International Growth ADR ESG Portfolios Q4 2024 Commentary,The stronger US dollar and negative sentiment over the current state of political affairs in Europe also weighed on the largest developed markets. Read more here.
2025-01-20,"Spotify: Strong Growth, Improving Profits Make It A Great Long-Term Buy","Discover how Spotify is growing profitably with high margins, strategic expansions, and strong cash flow, despite key risks in the music streaming market."
2025-01-20,"Might Sound Crazy, But Spotify Is A Solid Buy Here","Spotify's growth driven by fiscal discipline and strong value offering, making it a buy for investors despite high valuations. Learn more on SPOT stock here."
2025-01-18,Wolfe Research Downgrades Spotify Technology (SPOT),
2025-01-04,These 3 Large-Cap Stocks Doubled in 2024. Which One Has the Highest Upside Potential for 2025?,"In 2022, shares of Sea Limited (NYSE: SE) dropped 77%.  With a market capitalization of $61 billion as of this writing, Sea is a large-cap stock.  Joining it on its triple-digit climb in 2024 were Axon Enterprise (NASDAQ: AXON) and Spotify Technologies (NYSE: SPOT), which gained 130% and 138%, respectively."
2025-01-04,What Does Spotify Technology S.A.'s (NYSE:SPOT) Share Price Indicate?,Let's talk about the popular Spotify Technology S.A. ( NYSE:SPOT ). The company's shares led the NYSE gainers with a...
2025-01-01,7 Winner Tech Stocks For 2025,Overall market valuations look somewhat expensive now. Stock picking will be more important in 2025 than in 2024. Read here to know about our tech picks in 2025.
2024-11-28,Stock-Split Watch: 1 Under-the-Radar Growth Stock Up 510% Since the Beginning of 2023,This leading streaming company has made its investors a fortune in the past two years.
2024-11-28,Universal Music Stock: A Compelling Long-Term Compounder,"Universal Music Group has promising growth prospects, with potential EPS growth of ~10% annually. Read what makes UMGNF stock a compelling long-term investment."
2024-11-23,Downgrading Warner Music Group As Spotify And Live Nation Strike A Chord,"Warner Music Group's Q4 earnings report disappoints investors, raising concerns about its competitive position in the music industry. Explore more here."
2024-11-23,"Got $1,000? 2 No-Brainer Growth Stocks to Buy This Month","Over the last few years, growth stocks have experienced volatility across sectors as investors favored some of these businesses and driven stock prices upward while others fell out of favor.  If you're looking for two no-brainer growth stocks to buy with $1,000 right now, here are two names to consider for your list of potential contenders.  Pinterest (NYSE: PINS) was a popular stock with investors a few years ago."
2024-11-16,"Spotify Stock Can Hit $500. Plus, Cava, Rivian, and More.","RESEARCH REPORTS These reports, excerpted and edited by Barron’s, were issued recently by investment and research firms. The reports are a sampling of analysts’ thinking; they should not be considered the views or recommendations of Barron’s."
2024-11-10,Wall Street Week Ahead,Stay up to date with the latest market news and earnings reports on Wall Street next week in this informative article.
2024-11-09,"Walt Disney, Cisco, And Shopify Headline Latest Earnings Week",Stay ahead in the financial market with Seeking Alpha's Wall Street Week Ahead newsletter.
2024-04-28,Taylor Swift's 'Tortured Poets Department' dominates US sales and Billboard charts,"Pop megastar Taylor Swift sold 2.61 million album and streaming units of ""The Tortured Poets Department"" during its first week of release in the U.S., Billboard reported on Sunday, calling it ""a gigantic debut at No. 1"" on the Billboard 200 albums chart.  Traditional album sales totaled 1.91 million in the week ending April 25 between digital download albums, CDs, cassettes and also included 859,000 vinyl sales, Billboard said, citing data from Luminate.  The album scored the largest streaming week for an album ever and the largest sales week for an album on vinyl in the modern era, Billboard said."
2024-04-28,Is Spotify Stock Going to $375? 1 Wall Street Analyst Thinks So.,"At the right price, I'd buy Spotify stock."
2024-04-28,Is Spotify Stock Going to $400? 1 Wall Street Analyst Thinks So.,No analyst on Wall Street loves Spotify stock more than Deutsche Bank. But is the banker right to call Spotify a buy?
2024-04-28,"Let's Spill The Tea: Top Consumer Tech News From Last Week That You Should Know (April 21-27, 2024)",Looking for stock market analysis and research with proves results? Zacks.com offers in-depth financial research with over 30years of proven results.
2024-04-28,Let's Spill The Tea: Top Consumer Tech News From Last Week That You Should Know (April 21-27),Looking for stock market analysis and research with proves results? Zacks.com offers in-depth financial research with over 30years of proven results.
2024-04-27,"Spotify Stock Has 26% Upside, According to 1 Wall Street Analyst","Spotify grew quickly in Q1, but can it maintain the pace?"
2024-04-27,How your supermarket loyalty card became part of a £2bn cash-grab,"In the final weeks of the year, social media becomes awash with posts from Spotify subscribers sharing their most listened-to songs, artists and music genres."
2024-04-21,Let's Spill The Tea: Top Consumer Tech News From Last Week That You Should Know,Looking for stock market analysis and research with proves results? Zacks.com offers in-depth financial research with over 30years of proven results.
2024-04-21,"Earnings week ahead: Tesla, Meta Platforms, Google, Microsoft, Intel, Exxon Mobil, and more",Looking for stock market analysis and research with proves results? Zacks.com offers in-depth financial research with over 30years of proven results.
2024-04-21,"Can Magnificent 7 Help Script Market Turnaround? Earnings Pick Up Pace With Microsoft, Meta, Alphabet And Tesla Expected This Week",Looking for stock market analysis and research with proves results? Zacks.com offers in-depth financial research with over 30years of proven results.
2024-04-20,Netflix: I Am Cashing Out,Find out why a financial writer is downgrading Netflix stock to Sell despite strong results and why Spotify is the preferred pick for streaming investors.
2024-04-14,Wall Street Analysts Are Bullish on Top Communication Services Picks,Looking for stock market analysis and research with proves results? Zacks.com offers in-depth financial research with over 30years of proven results.
2024-04-13,"Meghan Markle, Prince Harry Line Up New Projects With Netflix: Here's What The Shows Are About",Looking for stock market analysis and research with proves results? Zacks.com offers in-depth financial research with over 30years of proven results.
2024-04-07,Spotify Technology S A : Premium Users Can Now Turn Any Idea Into a Personalized Playlist With AI Playlist in Beta,"We know thatdiscovery happens on Spotify, with nearly 2 billion discoveries happening on our platform every day. Features like our AI DJand daylistpower those discoveries and bring fans closer to the..."
2024-06-29,Wall Street Oasis: 3 Growth Stocks to Turn $50k Into $250K by 2035,"Investing in high growth stocks to buy offers an opportunity to multiply one’s wealth over the long term. While the stock market is inherently volatile, finding these hidden gems that can outperform the market can lead to substantial gains. The appeal in these companies lies in their ability to grow their revenue and earnings at an accelerated pace. For investors looking to multiply their $50,000 investment into a quarter of a million dollars by 2035, the journey will require strategic foresight"
2024-06-23,"Yahoo Video: Disney, TikTok, Spotify & more: YF at Cannes Lions 2024","Yahoo Video: Disney, TikTok, Spotify & more: YF at Cannes Lions 2024"
2024-06-23,"Disney, TikTok, Spotify & more: YF at Cannes Lions 2024","Yahoo Finance met with executives and marketers from companies including Disney (DIS), TikTok, Spotify (SPOT), Autodesk (ADSK), Candle Media, DoorDash (DASH), and JPMorgan Chase & Co. (JPM) at the 2024 Cannes Lions International Festival of Creativity to discuss the future of marketing and advertisement and AI's role in the industry. TikTok President of Global Business Solutions Blake Chandlee (00:00:03) Chandlee notes that ""AI is changing the game... for the advertising community."" Autodesk CMO Dara Treseder (00:00:09) Treseder discusses how AI has impacted ad spend. ""You're going to see capital be deployed in more effective ways moving forward thanks to AI."" Disney President of Global Advertising Rita Ferro (00:00:35) Ferro talks about the company's streaming platform. ""You will see a transition to an immersive platform where streaming will underpin the basic core of the reason people come there."" Candle Media Co-Founder & Co-CEO Kevin Mayer (00:00:53) Mayer explains that advertising is ""shifting."" ""Advertisers are seeking high quality video environments... but also coupled with the ability to at least lightly... if not, really in a deep way, target their advertisements."" Spotify Global Head of Advertising Lee Brown (00:01:37) Brown discusses Spotify's expansion of content. ""You'll start to see more of those new categories of content coming on with all the personalization and discovery that you expect from your Spotify experience."" DoorDash Chief Marketing Officer Kofi Amoo-Gottfried (00:01:54) Amoo-Gottfried notes that the company thinks about the business through ""the key inputs... so like what do customers come to us for?"" JPMorgan Chase & Co. Chief Marketing Officer Carla Hassan (00:02:02) Hassan explains how to think about the ""wealth continuum."" ""You've got to think about it as... the different phases of [the customer's] life."" For more expert insight and the latest market action, click here. This post was written by Mariela Rosales."
2024-06-23,"What's New In the Consumer Tech World Last Week? News That You Should Know (June 16-June 21, 2024)",Looking for stock market analysis and research with proves results? Zacks.com offers in-depth financial research with over 30years of proven results.
2024-06-22,"S&P 500 Giants Meta, GE Aerospace Lead Five Stocks Near Buy Points","S&P 500 index components Meta Platforms, GE Aerospace and Goldman Sachs, along with Dick's Sporting Goods and Spotify Technology are in focus this week.  The stock market rally had a mixed end to the week, after the S&P 500 briefly topped 5,500 for the first time.  Among them, Spotify stock was highlighted this week in IBD's New America."
2024-06-22,Cannes Lions 2024: What marketers are saying,"Yahoo Finance touched down in Cannes, France at the 2024 Cannes Lions International Festival of Creativity, an advertising and marketing festival that celebrates the year’s best creative ad campaigns. Yahoo Finance's Brian Sozzi and Rachelle Akuffo sat down with top executives and marketers at the festival to take a look at the future of advertising and how different companies are utilizing artificial intelligence these days. Guests include JPMorgan Chase & Co. (JPM) CMO Carla Hassan, Autodesk (ADSK) CMO Dara Treseder, and Spotify (SPOT) Global Head of Advertising Lee Brown. For more expert insight and the latest market action, click here. This post was written by Mariela Rosales."
2024-06-22,Spotify offers additional plans for US subscribers; holds niche with audiobooks,Looking for stock market analysis and research with proves results? Zacks.com offers in-depth financial research with over 30years of proven results.
2024-06-19,Wall Street Favorites: 3 Social Media Stocks With Strong Buy Ratings for June 2024,"The indispensable role of social media platforms in the digital age has many analysts optimistic about strong buy social media stocks. In just a few short years, social media has had a far reaching influence on people and businesses interacting and communicating. The widespread presence and integration of these platforms into our daily lives have made them a force unto itself. Hence, it comes as no surprise that companies in the space are thriving and growing at unprecedented rates. Experts pred"
2024-06-19,Is Spotify Technology (SPOT) Stock Outpacing Its Business Services Peers This Year?,Here is how Spotify (SPOT) and Paymentus (PAY) have performed compared to their sector so far this year.
2024-06-19,Spotify Technology (SPOT) Is a Trending Stock: Facts to Know Before Betting on It,"Spotify (SPOT) has received quite a bit of attention from Zacks.com users lately. Therefore, it is wise to be aware of the facts that can impact the stock's prospects."
2024-06-19,TikTok Tunes? Social Media Platform Has A Music M&A Team In The Works,Looking for stock market analysis and research with proves results? Zacks.com offers in-depth financial research with over 30years of proven results.
2024-06-19,Here's How Much $100 Invested In Spotify Technology 5 Years Ago Would Be Worth Today,Looking for stock market analysis and research with proves results? Zacks.com offers in-depth financial research with over 30years of proven results.
2024-06-19,Spotify Technology S A : Bestselling Author Kevin Kwan Discusses Musical Inspiration and How Places Can Become Characters Too,"Kevin Kwan is one of the most distinguished authors of our time, and has captivated fans with his international bestsellers, Crazy Rich Asians,China Rich Girlfriend, andRich People Problems.The..."
2024-06-19,"Spotify Technology S A : Camilo Calls Latest Release, cuatro, ‘An Album Full of Memories’","A self-described tourist of different musical genres, Latin Pop sensationCamilohas quickly become one of Colombia's biggest musical exports in recent years. And for his new album, cuatro, the..."
2024-06-16,MAGA hat wearers use tech software too: Morning Brief,Silicon Valley makes a play to protect its vast wealth and business interests.
2024-06-15,The Nasdaq Versus The Rest Of The Market,Looking for stock market analysis and research with proves results? Zacks.com offers in-depth financial research with over 30years of proven results.
2024-06-09,Wall Street praises Spotify price hikes — and notes other audio streamers should follow suit,Spotify will raise prices on US users across all three of its paid tiers. Other audio streamers could soon follow.
2024-12-28,Is Spotify Technology S.A. (SPOT) the Best Kid-friendly Stock to Buy Right Now?,"We recently compiled a list of the 10 Best Kid-Friendly Stocks To Buy Right Now. In this article, we are going to take a look at where Spotify Technology S.A. (NYSE:SPOT) stands against the other kid-friendly stocks. Expert Thinks Value Stocks are Making a Comeback Investors and analysts alike are concerned about where equities are […]"
2024-12-22,Spotify stock is trading at all-time highs just 2 years after a record low. Here's how it got there.,"Spotify has staged an epic comeback, with its stock price increasing sixfold over the past two years. But the journey to get here hasn't been easy."
2024-12-15,iHeartMedia: Debt Exchange A Key Positive (Ratings Upgrade),"Financial writer upgrades IHRT stock to Hold after lagging returns, TSA agreement, and high leverage."
2024-12-15,Spotify: My Top Investment Pick For 2025,"Financial analysis of Spotify shows strong growth, pricing power, and profitability improvements, making it a Strong Buy recommendation."
2024-12-15,Meet the Monster Stock that Continues to Crush the Market,Investors have forgotten about this streaming media company with hundreds of millions of users around the world.
2024-12-14,Jim Cramer on Spotify Technology S.A. (SPOT): ‘The Market Loves Subscription Models Because They’re Sticky’,"We recently compiled a list of the Jim Cramer Discussed 18 Companies That Hit $100 Billion in Market Cap in 2024. In this article, we are going to take a look at where Spotify Technology S.A. (NYSE:SPOT) stands against the other companies that hit $100 billion in market cap in 2024. Jim Cramer, the host of […]"
2024-12-08,From $15 Billion To $100 Billion: Lessons From Our Spotify Investment,The purpose of this note is to share with our investors the evolution of our thinking on Spotify (SPOT) throughout our investment journey. Click here to read more.
2024-12-08,Cathie Wood sells $5 million of surging tech stock,"The Nasdaq Composite is up 32.3% this year, while the ARK Innovation ETF has returned 20.1%."
2024-12-01,Why Is Spotify Technology S.A. (SPOT) Among the Best Cyclical Stocks for Economic Recovery According to Morgan Stanley?,"We recently compiled a list of the Morgan Stanley’s Best Stocks For Economic Recovery: Top 9 Cyclical Stocks. In this article, we are going to take a look at where Spotify Technology S.A. (NYSE:SPOT) stands against the other cyclical stocks. As 2024 approaches its end, the stock market has been through it all. The driving theme […]"
2024-05-26,What's New In Consumer Tech World Last Week? News That You Should Know (May 19-May 25),Looking for stock market analysis and research with proves results? Zacks.com offers in-depth financial research with over 30years of proven results.
2024-05-12,"What's New In Consumer Tech World Last Week? News That You Should Know (May 5-May 11, 2024)",Looking for stock market analysis and research with proves results? Zacks.com offers in-depth financial research with over 30years of proven results.
2024-05-11,Baron Partners Fund Q1 2024 Shareholder Letter,Baron Partners Fund declined 9.01% (Inst.) trailing both the Russell Midcap Growth Index and the large cap S&P 500 Index. Click here to read the full letter.
2024-05-05,Netflix and Spotify remain teen favorites but Prime is catching up - analyst,Looking for stock market analysis and research with proves results? Zacks.com offers in-depth financial research with over 30years of proven results.
2024-10-27,Warren Buffett Keeps Buying Sirius XM Stock: Should You?,The investment giant is buying up a ton of the company.
2024-10-26,Trump says he would replace income tax with tariffs on Joe Rogan podcast,Looking for stock market analysis and research with proves results? Zacks.com offers in-depth financial research with over 30years of proven results.
2024-10-19,"AI Leaders Broadcom, SentinelOne Lead 5 Stocks Near Buy Points","The top stocks to watch tap several hot trends: artificial intelligence, natural foods, robotic surgeries and podcasts."
2024-10-19,"3 Growth Tech Stocks To Buy And Hold: VRT, SPOT, APPF",Looking for stock market analysis and research with proves results? Zacks.com offers in-depth financial research with over 30years of proven results.
2024-10-06,Is Spotify Technology S.A. (NYSE:SPOT) The Best Morgan Stanley Overweight & Quality Stock?,"We recently made a list of Morgan Stanley’s Best Overweight & Quality Stocks: Top 25 Stocks. In this piece, we will look at where Spotify Technology S.A. (NYSE:SPOT) ranks on the list of the top overweight and quality stocks. The close of September has cemented the paradigm shift on Wall Street. With the Federal Reserve’s […]"
2024-10-06,Spotify: Why AI Accelerates Their Business,"Financial writer analyzes Spotify's growth driven by subscriber revenue, AI integration, and potential market opportunities amidst TikTok changes."
2024-07-28,Tracking Baillie Gifford's 13F Portfolio - Q2 2024 Update,
2024-07-28,3 Tech Stocks to Buy on the Dip: July 2024,"The rout in technology stocks continues with the Nasdaq Composite index recently falling 3% in a single trading session and experiencing its worst selloff in nearly two years. With interest rates expected to be lowered starting this September, investors are shifting capital into small-cap stocks and value names that are likely to benefit from a reduction in borrowing costs. While the decline in tech stocks is jarring, it’s important to remember that it is opening up opportunities for investors t"
2024-07-27,S&P 500 Stock GE Aerospace Leads Five Stocks Near Buy Points Without Key Risk,These stocks are flashing buy signals as the market remains in flux in the heart of earnings season.
2024-07-27,Spotify: Q2 Earnings Were Solid But Do Not Justify The Price,"Read an analysis of Spotify's (SPOT) financial performance, user growth, and concerns over its high valuation and potential share price decline."
2024-07-27,"Wall Street's Top 10 Stock Calls This Week - Saturday, July 27",Looking for stock market analysis and research with proves results? Zacks.com offers in-depth financial research with over 30years of proven results.
2024-07-21,"Earnings week ahead: TSLA, GOOG, IBM, AAL, GM, F, VZ, T, and more",Looking for stock market analysis and research with proves results? Zacks.com offers in-depth financial research with over 30years of proven results.
2024-07-21,"Tesla, Alphabet, GM, Ford Lead Earnings Parade This Week As Market Struggles To Sustain The Summer Rally",Looking for stock market analysis and research with proves results? Zacks.com offers in-depth financial research with over 30years of proven results.
2024-07-20,Should You Think About Buying Spotify Technology S.A. (NYSE:SPOT) Now?,Let's talk about the popular Spotify Technology S.A. ( NYSE:SPOT ). The company's shares received a lot of attention...
2024-07-14,"Sirius XM Holdings: Buy, Sell, or Hold?",Is Sirius XM a hidden gem or a stock to avoid? Here's what you need to know.
2024-07-13,3 Hot Stocks to Buy Now: Q3 2024 Edition,"The markets have soared in the last six months, with a handful of hot stocks leading the charge. Equity benchmarks like the S&P 500 are charting new territories fueled by macroeconomic factors. In the first six months of the year, the index is up by an impressive 17.50%, recording new all-time highs 34 times this year. Looking at the statistics, it is tempting to assume that this momentum will lead the market to a strong finish this year. But if we’re being honest, there are two ways this can pl"
2024-08-31,Podcast stars are inking massive nine-figure deals. Here’s why companies are writing the big checks,Podcasting superstars are taking their fame to new heights as media companies offer nine-figure deals for the rights to their shows.
2024-08-25,2 Tech Stocks You Can Buy and Hold for the Next Decade,These stocks have a lot going for them.
2024-08-18,"Consumer Tech News (Aug 11-Aug 17): Research Says TikTok Favors Chinese Government, Apple Plans Thinner Version Of iPhone 17 & More",Looking for stock market analysis and research with proves results? Zacks.com offers in-depth financial research with over 30years of proven results.
2024-08-17,Baron Asset Fund Q2 2024 Shareholder Letter,"Baron Asset Fund declined in the second quarter of 2024, in line with its benchmark, the Russell Midcap Growth Index, in a challenging quarter for mid-cap growth stocks."
2024-08-10,2 Unstoppable Growth Stocks That Could Crush the S&P 500 Over the Next 5 Years,These industry leaders should be very rewarding investments.
2024-09-29,Music streaming site Spotify temporarily goes down,"The music streaming service Spotify was down temporarily on Sunday, leaving thousands of listeners without access to tunes and podcasts.  More than 40,000 people reported outages with the music platform on downdetector.com, a website that allows users to report problems with popular apps and services.  Responding to the post, Spotify users complained about the outage disrupting workout routines and plans to stream a playlist at a child's birthday party."
2024-09-29,"Spotify back up after outage hits over 40,000 users","""Everything's looking much better now!"" Spotify said in a post on social media platform X.  Spotify did not immediately respond to a Reuters' request for comment seeking the reason behind the outage."
2024-09-29,"Missing a beat, streaming service Spotify is back after a temporary outage",Looking for stock market analysis and research with proves results? Zacks.com offers in-depth financial research with over 30years of proven results.
2024-09-29,"Spotify down for over 40,000 users in the US, Downdetector says","Audio streaming platform Spotify was down for thousands of users on Sunday, according to outage tracking website Downdetector.com. Downdetector, which tracks outages through a range of..."
2024-09-29,"Consumer Tech News (Sept 23- Sept 27): OpenAI pitched President Biden For Expansion Of Data Centers, Apple Discontinued iPhone 15 And 13 Models & More",Looking for stock market analysis and research with proves results? Zacks.com offers in-depth financial research with over 30years of proven results.
2024-09-29,Spotify restores service after brief outage affecting 40K users in US,Looking for stock market analysis and research with proves results? Zacks.com offers in-depth financial research with over 30years of proven results.
2024-09-08,Warren Buffett Is Buying Sirius XM Stock. Should You?,The stock is down 63% from all-time highs.
2024-09-07,Where the next billion creatives will come from,"Far from Silicon Valley, new waves of innovation in shopping, streaming, and other technologies are emerging in China, India, Africa, and beyond."
2024-09-02,"Up 82% This Year, Should Investors Still Buy This Red-Hot Growth Stock?",Learn why this streaming giant's stock is heading higher.
2024-09-02,3 Undervalued Stocks With Discounts Up To 41.4%,"As global markets navigate mixed performance and subdued inflation, investors are increasingly turning their attention to value stocks, which have recently outperformed growth shares. In this environment, identifying undervalued stocks can be a strategic move for those looking to capitalize on market inefficiencies and secure potential long-term gains."
2024-09-02,"Analysis-Apple set for music, TV streaming fight in India after Airtel deal","Apple's partnership with India's second-biggest telecoms firm will give the iPhone maker a sorely needed boost in a content market where it lags far behind the likes of Spotify and Walt Disney.  The U.S. technology giant, working to boost revenue globally from services including apps, payments and media, is set to offer free music and video streaming to many of Bharti Airtel's 281 million customers.  The deal is likely to greatly expand the user base for Apple TV+ and Apple Music in a country where Apple has long emphasised the manufacturing side of business to diversify its supply chain beyond China."
