category,datetime,headline,id,image,related,source,summary,url,date
company,1735685118,Spotify (SPOT) Sees a More Significant Dip Than Broader Market: Some Facts to Know,132224090,https://media.zenfs.com/en/zacks.com/1154d43aaeb65735a640003549116295,SPOT,Yahoo,"Spotify (SPOT) closed the most recent trading day at $447.38, moving -0.98% from the previous trading session.",https://finnhub.io/api/news?id=2e9e7e941371bc97ca380d5eefa49052da3c9f6bc54729b04e54ece1227d543d,2024-12-31
company,1735570330,Spotify Turns Profitable in 2024: What Investors Need to Know,132208050,https://media.zenfs.com/en/us.finance.gurufocus/8917f5cd5cd3d800ee3a9180b93daa81,SPOT,Yahoo,Spotify is on a journey toward growth and profitability.,https://finnhub.io/api/news?id=1f61bbe66489957773f90d8d347ee4e5c7be94a2fa195dcebe180ee107cb29c7,2024-12-30
company,1735406937,Is Spotify Technology S.A. (SPOT) the Best Kid-friendly Stock to Buy Right Now?,132190502,https://s.yimg.com/ny/api/res/1.2/L1VfzT4mG1Rv4M6zH9u5Cg--/YXBwaWQ9aGlnaGxhbmRlcjt3PTEyMDA7aD02NzM-/https://media.zenfs.com/en/insidermonkey.com/ba8bd44a0ab196b25bfaf9408d49d0db,SPOT,Yahoo,"We recently compiled a list of the 10 Best Kid-Friendly Stocks To Buy Right Now. In this article, we are going to take a look at where Spotify Technology S.A. (NYSE:SPOT) stands against the other kid-friendly stocks. Expert Thinks Value Stocks are Making a Comeback Investors and analysts alike are concerned about where equities are […]",https://finnhub.io/api/news?id=c96824e4b3991dcdecf33fe1353b8459a8dfd5664988ef62c30ad0588d56f65a,2024-12-28
company,1735340405,"Communications: Spotify, Netflix lead sector gains in 2024",132180065,https://s.yimg.com/ny/api/res/1.2/yBzTZpMTVyy2iWzkCDUPrw--/YXBwaWQ9aGlnaGxhbmRlcjt3PTEyMDA7aD02NzQ-/https://s.yimg.com/os/creatr-uploaded-images/2024-12/47a406a0-c4a3-11ef-bdef-d0d9fb0ab9e3,SPOT,Yahoo,"The communication services (XLC) sector has surged by over 35% in 2024, propelled by aggressive cost-cutting initiatives and corporate restructuring. Yahoo Finance Special Reporter Akiko Fujita examines the key drivers behind this strong performance, with a special focus on standout performers like Spotify (SPOT), Netflix (NFLX), Meta (META), and Alphabet (GOOG, GOOGL). To watch more expert insights and analysis on the latest market action, check out more Market Domination Overtime here. This post was written by Angel Smith",https://finnhub.io/api/news?id=937f26acc8f2ca358f13ad19cbb8c06f20c2b60b3df4a174da59d4772daf3afb,2024-12-27
company,1735250796,Tracking Lone Pine Capital Portfolio - Q3 2024 Update,132169420,https://static.seekingalpha.com/cdn/s3/uploads/getty_images/1143979227/image_1143979227.jpg?io=getty-c-w1536,SPOT,SeekingAlpha,"Lone Pine Capital's 13F portfolio value increased from $12.33B to $13.41B, with holdings rising from 24 to 29, led by Meta, Amazon, and Vistra Corp. See more.",https://finnhub.io/api/news?id=85adcc620328bc332c09dd459f707a976188540f4fcb955ff16a6c4aaa45420c,2024-12-26
company,1735211193,3 US Growth Companies With Insider Ownership Up To 17%,132163761,https://media.zenfs.com/en/simply_wall_st__316/0fc6188304291c4515eba03ba128db49,SPOT,Yahoo,"As the U.S. stock market experiences a Santa Claus Rally, with major indices like the Nasdaq Composite and S&P 500 posting gains, investors are keenly observing growth companies that demonstrate resilience and potential in this upbeat environment. In such a climate, stocks with high insider ownership can be particularly appealing as they often indicate confidence from those closest to the company's operations and future prospects.",https://finnhub.io/api/news?id=5b0970ec2b41e974832c88e3929f79c1047cff2b1482f4d1589fa8fb6c0eb0b2,2024-12-26
company,1735025400,Spear Advisors Q3 2024 Fund Letter,132130431,https://static.seekingalpha.com/cdn/s3/uploads/getty_images/182177306/image_182177306.jpg?io=getty-c-w1536,SPOT,SeekingAlpha,"3Q24 quarterly update for the Spear Alpha ETF (SPRX), with performance highlights and trends that are shaping our investment approach. Read more here...",https://finnhub.io/api/news?id=e4d6d134287b16ddbd81606c98726b63d74c8763d546ed84717c54982e9193ad,2024-12-24
company,1734950729,"Trending tickers: Palantir, Spotify, Novo Nordisk, Honda and Direct Line",132117006,https://s.yimg.com/ny/api/res/1.2/74nlzCb5V0Crj_dyqObl5w--/YXBwaWQ9aGlnaGxhbmRlcjt3PTEyMDA7aD04MDA-/https://s.yimg.com/os/creatr-uploaded-images/2024-12/bdd0ac40-c118-11ef-bfef-bc6174417fa4,SPOT,Yahoo,The latest investor updates on stocks that are trending on Monday,https://finnhub.io/api/news?id=a0e3aa62bf688d18a61fece4bbabf41f26d086b0d8d415a7df003b3cf8911149,2024-12-23
company,1734915600,Tracking Philippe Laffont's Coatue Management Portfolio - Q3 2024 Update,132115539,https://static.seekingalpha.com/cdn/s3/uploads/getty_images/472298390/image_472298390.jpg?io=getty-c-w1536,SPOT,SeekingAlpha,Coatue Management's 13F portfolio increased from $25.69B to $26.92B. Click here for a detailed analysis.,https://finnhub.io/api/news?id=3a0ce3b009051f6ec77df1457126f3d55d4c025c525ef846af9e14fd619bf3e3,2024-12-23
company,1734877811,Spotify stock is trading at all-time highs just 2 years after a record low. Here's how it got there.,132109812,https://s.yimg.com/ny/api/res/1.2/iMVODt8NrlkI6BfKB0gb7A--/YXBwaWQ9aGlnaGxhbmRlcjt3PTEyMDA7aD03OTY-/https://s.yimg.com/os/creatr-uploaded-images/2024-11/75cdf1b0-9ad4-11ef-af3f-d78a019161c9,SPOT,Yahoo,"Spotify has staged an epic comeback, with its stock price increasing sixfold over the past two years. But the journey to get here hasn't been easy.",https://finnhub.io/api/news?id=024bda50c758826ca09a2a9d9278579b4ca6e3b9910eb74de0a36d7c9040be85,2024-12-22
company,1734734719,Spotify (SPOT) Outpaces Stock Market Gains: What You Should Know,132085769,https://media.zenfs.com/en/zacks.com/48ad4265c55e3ba7a1fb9148d6e717d9,SPOT,Yahoo,"Spotify (SPOT) concluded the recent trading session at $460.88, signifying a +1.48% move from its prior day's close.",https://finnhub.io/api/news?id=3b81373197cf0d0e7a4063a098f803a9e564bf78980de9765a65c9b2f67772e6,2024-12-20
company,1734724800,Spotify Stock Soars Over 100% in 2024: Is More Upside Ahead?,132085770,https://media.zenfs.com/en/zacks.com/75d40edce7474026d2eea27ed1133b8b,SPOT,Yahoo,"With SPOT shares on a steady ascent, we assess its current performance to decide whether to invest now or wait for a potential pullback.",https://finnhub.io/api/news?id=30510d1f0fb79ea725f8ef6d2c717e6c5e8b65729c3b1f0673526866c1d26aba,2024-12-20
company,1734648620,Spotify (SPOT) Ascends While Market Falls: Some Facts to Note,132071125,https://media.zenfs.com/en/zacks.com/3cb5117fc22f5e37890d1860dcd61f9f,SPOT,Yahoo,"Spotify (SPOT) closed the most recent trading day at $454.16, moving +1.23% from the previous trading session.",https://finnhub.io/api/news?id=d20affbf11f91837f35cadd23021519f534710f03d827e58eac3e66b7888c03d,2024-12-19
company,1734625572,"Trade Desk, Spotify, Netflix Top Picks Amid Expected Media Consolidation in 2025, BofA Says",132069297,https://s.yimg.com/cv/apiv2/social/images/yahoo_default_logo-1200x1200.png,SPOT,Yahoo,"Trade Desk (TTD), Spotify (SPOT) and Netflix (NFLX) are the top picks for 2025 with an expected sign",https://finnhub.io/api/news?id=392f2459bd6023df49ea921494a8c59295c0d1a1f0bf29b69d44a5b39bac3748,2024-12-19
company,1734600333,Spotify Technology S A : Curl Up Under the Mistletoe With These Holiday Romance Audiobooks,132051234,,SPOT,Finnhub,"It's the most wonderful time of the year, but if you seek an escape, pop in your headphones and enjoy the soothing sounds of a story. And this season, a romantic tale might just be the perfect remedy....",https://finnhub.io/api/news?id=0b7e10307905f9f0e942e79c211e7e66459f164a86af9458ebf92b9a3605e27d,2024-12-19
company,1734572400,The Gabelli Global Growth Fund Q3 2024 Commentary,132045592,https://static.seekingalpha.com/cdn/s3/uploads/getty_images/2151433053/image_2151433053.jpg?io=getty-c-w1536,SPOT,SeekingAlpha,"The Gabelli Global Growth Fund returned +2.7% during the third quarter, compared with a +5.5% return for the S&P 500. Click here to read the full commentary.  ",https://finnhub.io/api/news?id=6f58ee1ef1bed1da52584073b3a3a7913938bfdcb0c10f1f2590a057800df21c,2024-12-19
company,1734541685,"J.P. Morgan Reveals 2025 Internet Stock Favorites: Amazon, Meta, Alphabet, and Spotify Lead the Pack",132040191,https://media.zenfs.com/en/us.finance.gurufocus/11c9767592ca49c21c47f60620bfc34b,SPOT,Yahoo,J.P. Morgan highlights AI-powered growth as key driver for top 2025 Internet stock picks across market caps,https://finnhub.io/api/news?id=75f320397910b9d78e3e0df836b7e02bfe459363ab4a7f68a419bdf9390d6fd5,2024-12-18
company,1734540138,Spotify Technology S A : Presents the First-Ever Billions Club Live Show With The Weeknd,132041750,,SPOT,Finnhub,"For any song to rack up billions of streams is an impressive accomplishment, but being a part of Spotify's Billions Club is something The Weeknd knows quite well. In fact, the Canadian star has more...",https://finnhub.io/api/news?id=83e69068baee41996045321ac914ad403bf6735922b32970f35d9a0c2942be5b,2024-12-18
company,1734535430,Why JPMorgan predicts an AI trade shift in 2025,132040225,https://s.yimg.com/ny/api/res/1.2/15nteyGshIzJ6h7usLhwew--/YXBwaWQ9aGlnaGxhbmRlcjt3PTEyMDA7aD02NzY-/https://s.yimg.com/os/creatr-uploaded-images/2024-12/d8254810-bd50-11ef-b5fb-6efe9e0a9671,SPOT,Yahoo,"JPMorgan (JPM) has released a new report suggesting the artificial intelligence landscape will enter a transformative phase in 2025. The analysis highlights emerging players like Amazon (AMZN), Meta (META), Spotify (SPOT), and Alphabet (GOOG, GOOGL), signaling a potential shift away from traditional AI infrastructure powerhouses such as Nvidia (NVDA). Yahoo Finance markets and data editor Josh Schafer breaks down the report's key insights, examining how the AI investment landscape is evolving from infrastructure-focused plays to companies actively monetizing AI technologies. To watch more expert insights and analysis on the latest market action, check out more Morning Brief here. This post was written by Angel Smith",https://finnhub.io/api/news?id=4988f6086ee48cc4fddde6bf6cd5856f991d7e9068de6d3db86a41dd6dea0a6e,2024-12-18
company,1734532211,Wall Street Bulls Look Optimistic About Spotify (SPOT): Should You Buy?,132046756,https://media.zenfs.com/en/zacks.com/b95cfdd8768bc3c4620e666dbcb0b248,SPOT,Yahoo,"Based on the average brokerage recommendation (ABR), Spotify (SPOT) should be added to one's portfolio. Wall Street analysts' overly optimistic recommendations cast doubt on the effectiveness of this highly sought-after metric. So, is the stock worth buying?",https://finnhub.io/api/news?id=73d047953c2d451ad5e71fa7c314905d679466f1eee6dfbfee0fd70cbb79bc70,2024-12-18
company,1734530795,Exploring Three High Growth Tech Stocks in the United States,132043491,https://media.zenfs.com/en/simply_wall_st__316/ee047812921f935c11e8b8a18a28c857,SPOT,Yahoo,"The United States market has remained flat over the last week but is up 26% over the past year, with earnings forecasted to grow by 15% annually. In this context, identifying high growth tech stocks involves looking for companies that are well-positioned to capitalize on technological advancements and exhibit strong potential for sustained revenue and profit growth.",https://finnhub.io/api/news?id=d1eb979416e95ea73c2184deed82dc91e3dad626bac1fc5abff5c83a8b102861,2024-12-18
company,1734473289,Spotify's turnaround efforts are paying off,132033531,https://s.yimg.com/ny/api/res/1.2/eNpaA7BEUd5HV5QSuK0Ceg--/YXBwaWQ9aGlnaGxhbmRlcjt3PTEyMDA7aD02NzU-/https://s.yimg.com/os/creatr-uploaded-images/2024-12/443dac90-bcc0-11ef-97dc-af34e8290a6a,SPOT,Yahoo,"Spotify (SPOT) is set to achieve full-year profitability for the first time, with its stock soaring to over $470 per share, a dramatic increase from approximately $80 in 2022. The company's market capitalization has also grown to $100 billion, up from $15 billion just two years ago. Yahoo Finance Senior Reporter Alexandra Canal detailed the company's strategic restructuring, including workforce reductions, widespread cost cutting efforts, and a pivot away from podcasts, which have all contributed to Spotify's milestone achievement. To watch more expert insights and analysis on the latest market action, check out more Market Domination Overtime here. This post was written by Angel Smith",https://finnhub.io/api/news?id=7f54ce8de38d08ace6ea28bae9c10f1b633f1049d23df1e409be42fb7fe34f31,2024-12-17
company,1734465322,Is Spotify Technology S.A. (SPOT) Among Billionaire Daniel Sundheim’s Top 5 Stock Picks Heading Into 2025?,132029132,https://s.yimg.com/ny/api/res/1.2/L1VfzT4mG1Rv4M6zH9u5Cg--/YXBwaWQ9aGlnaGxhbmRlcjt3PTEyMDA7aD02NzM-/https://media.zenfs.com/en/insidermonkey.com/ba8bd44a0ab196b25bfaf9408d49d0db,SPOT,Yahoo,"We recently published a list of Billionaire Daniel Sundheim’s Top 15 Stock Picks Heading Into 2025. In this article, we are going to take a look at where Spotify Technology S.A. (NYSE:SPOT) stands against other Billionaire Daniel Sundheim’s stock picks heading into 2025. D1 Capital Partners might be one of the youngest hedge funds but it […]",https://finnhub.io/api/news?id=b43098850495a9c90675fd6b2e3cf2f67b17fc0453700afa33d322ff71c08c8a,2024-12-17
company,1734456665,Spotify: Why Next Year May Be Different,132031417,https://static.seekingalpha.com/cdn/s3/uploads/getty_images/1411571194/image_1411571194.jpg?io=getty-c-w1536,SPOT,SeekingAlpha,"Spotify's stock surge is driven by growth, but concerns remain. Learn why SPOT stock is rated Hold, with limited upside despite operational improvements.",https://finnhub.io/api/news?id=7039587c0f552f5ed6117fe9c1dd0bc7773c9e77d01edff31caab26710566380,2024-12-17
company,1734434760,Hartford International Growth Fund Q3 2024 Commentary,132026210,https://static.seekingalpha.com/cdn/s3/uploads/getty_images/93100504/image_93100504.jpg?io=getty-c-w1536,SPOT,SeekingAlpha,The Hartford International Growth Fund (I share) underperformed the MSCI ACWI ex USA Growth Index during the quarter. Read more here.,https://finnhub.io/api/news?id=2a80cb7f1349b53b642dd2a92f11b7c6bb6bd101ef9a0a348ff488eafeffa0cf,2024-12-17
company,1734397200,Harbor International Core Fund Q3 2024 Commentary,132020399,https://static.seekingalpha.com/cdn/s3/uploads/getty_images/91598774/image_91598774.jpg?io=getty-c-w1536,SPOT,SeekingAlpha,"During Q3 2024, the Harbor International Core Fund (Institutional) returned 6.59%, underperforming its benchmark. Click here to read the full commentary. ",https://finnhub.io/api/news?id=9b96158bf5d601f0b7110d1540bf8f585b57651f1a62bb9b71663c8b9dd06407,2024-12-17
company,1734274346,iHeartMedia: Debt Exchange A Key Positive (Ratings Upgrade),132004197,https://static.seekingalpha.com/cdn/s3/uploads/getty_images/1176488521/image_1176488521.jpg?io=getty-c-w1536,SPOT,SeekingAlpha,"Financial writer upgrades IHRT stock to Hold after lagging returns, TSA agreement, and high leverage.",https://finnhub.io/api/news?id=2a48580f3fe7cd576fbbe9c4026e9da44826d94fe3fa225134601d79bfbffdba,2024-12-15
company,1734268174,Spotify: My Top Investment Pick For 2025,132003240,https://static.seekingalpha.com/cdn/s3/uploads/getty_images/1437814880/image_1437814880.jpg?io=getty-c-w1536,SPOT,SeekingAlpha,"Financial analysis of Spotify shows strong growth, pricing power, and profitability improvements, making it a Strong Buy recommendation.",https://finnhub.io/api/news?id=ac90b75ea9109e9c84db3479d2837d04e9e9d125f84db59a41b1c88c5573f62e,2024-12-15
company,1734257400,Meet the Monster Stock that Continues to Crush the Market,131998351,https://g.foolcdn.com/editorial/images/800613/chart.jpg,SPOT,Yahoo,Investors have forgotten about this streaming media company with hundreds of millions of users around the world.,https://finnhub.io/api/news?id=1e54a9da1013988a4c2c5775d09373756f730a31a01466cd8a0b78731e650199,2024-12-15
company,1734149859,Jim Cramer on Spotify Technology S.A. (SPOT): ‘The Market Loves Subscription Models Because They’re Sticky’,131982724,https://s.yimg.com/ny/api/res/1.2/L1VfzT4mG1Rv4M6zH9u5Cg--/YXBwaWQ9aGlnaGxhbmRlcjt3PTEyMDA7aD02NzM-/https://media.zenfs.com/en/insidermonkey.com/ba8bd44a0ab196b25bfaf9408d49d0db,SPOT,Yahoo,"We recently compiled a list of the Jim Cramer Discussed 18 Companies That Hit $100 Billion in Market Cap in 2024. In this article, we are going to take a look at where Spotify Technology S.A. (NYSE:SPOT) stands against the other companies that hit $100 billion in market cap in 2024. Jim Cramer, the host of […]",https://finnhub.io/api/news?id=b794db3196928dcf5eb08d451be26806227a3e1165eac530d14f8ccf7d9c015c,2024-12-14
company,1734013030,"Spotify Technology S A : and Budweiser Rock Manchester With Live Music, a Tattoo Studio, Exclusive Merch, and More",131933725,,SPOT,Finnhub,"Since Spotify launched AUXLive Experiences for U.S. advertisers earlier this year, brands like FanDuel and Samsunghave tapped into our offering to build cultural relevance, connect with their...",https://finnhub.io/api/news?id=c466f5af5a7bf742fc13f6ca54beb50200e151d5af5dfc28bdc4356399033ac8,2024-12-12
company,1733957419,Why Spotify (SPOT) Outpaced the Stock Market Today,131930657,https://media.zenfs.com/en/zacks.com/090f58c1efbe3555b861102525e50b39,SPOT,Yahoo,"In the latest trading session, Spotify (SPOT) closed at $476.91, marking a +1.13% move from the previous day.",https://finnhub.io/api/news?id=f0067500aa76cdb2dd49b1f775240db3d6fed90638c4685fc7e6fe52510a20e2,2024-12-11
company,1733932451,Why Is Spotify Technology (SPOT) Among Halvorsen’s Top Stock Picks Right Now?,131930659,https://s.yimg.com/ny/api/res/1.2/L1VfzT4mG1Rv4M6zH9u5Cg--/YXBwaWQ9aGlnaGxhbmRlcjt3PTEyMDA7aD02NzM-/https://media.zenfs.com/en/insidermonkey.com/ba8bd44a0ab196b25bfaf9408d49d0db,SPOT,Yahoo,"We recently compiled a list of Norwegian Billionaire Halvorsen’s Top 10 Stock Picks. In this article, we are going to take a look at where Spotify Technology S.A. (NYSE:SPOT) stands against Halvorsen’s other top stock picks. Ole Andreas Halvorsen, the founder and CEO of Viking Global, has built one of the most respected names in the […]",https://finnhub.io/api/news?id=a8b0c46eef4a9f4a10928609a1df0fa539d4793ad0a7200899ffc10fe7a10964,2024-12-11
company,1733919605,Spotify Technology S A : Music Editors Reveal Their Picks for the Best Songs of 2024,131920930,,SPOT,Finnhub,"The work of Spotify's global editorial experts is grounded in a deep understanding of music culture. Our editors are always at the forefront of new trends, working to establish new genre spaces,...",https://finnhub.io/api/news?id=2761e9b6c8ff37c2e5041289c2e81ccf4abe435d5008c59110fee712b33403e5,2024-12-11
company,1733873287,Spotify Technology S.A. (SPOT): A Bull Case Theory,131913240,https://media.zenfs.com/en/insidermonkey.com/1b4a1176989cd7bf8603c8d52f00661a,SPOT,Yahoo,"We came across a bullish thesis on Spotify Technology S.A. (SPOT) on Twitter by RadnorCapital. In this article, we will summarize the bulls’ thesis on SPOT. Spotify Technology S.A. (SPOT)’s share was trading at $482.52 as of Dec 9th. SPOT’s trailing and forward P/E were 138.96 and 51.28 respectively according to Yahoo Finance. Spotify (SPOT) is doubling […]",https://finnhub.io/api/news?id=003e758117e8a8b7d686c7b7b21b6e9996c31565870cc9b8cb6912b634cbfb4d,2024-12-10
company,1733865602,Tracking Ole Andreas Halvorsen's Viking Global Portfolio - Q3 2024 Update,131910912,https://static.seekingalpha.com/cdn/s3/uploads/getty_images/200502280/image_200502280.jpg?io=getty-c-w1536,SPOT,SeekingAlpha,"Viking Global's 13F portfolio value increases to $27.44B with top holdings in U.S. Bancorp, Adobe, Apple, Philip Morris, and Visa. Check out the holdings in Q3.",https://finnhub.io/api/news?id=5efd2c4255a1a8e879cc8102b235c9f3e70681c08aaa35bd892aa269c29be0f0,2024-12-10
company,1733860709,"HarperCollins CEO touts Spotify's audiobooks entry, AI's impact on publishing",131913242,https://techcrunch.com/wp-content/uploads/2023/10/spotify-audiobooks.jpg?w=1200,SPOT,Yahoo,"The future of audiobooks and AI's impact on the publishing industry were points of discussion for HarperCollins, whose CEO, Brian Murray, spoke at the UBS Global Media and Communications Conference on Tuesday. During the event, the exec praised Spotify's entry into the audiobooks market and detailed its future growth plans in the space. He also touched on how AI technology could both threaten and hurt publishers in the days ahead. Of note, Murray said that audiobooks continue to outsell e-books",https://finnhub.io/api/news?id=be65f76426c1433f404da55ee1f2df589e475626aac92aa08f0235073d120815,2024-12-10
company,1733834891,Spotify removes playlists inspired by killing of health insurance boss,131902359,https://s.yimg.com/ny/api/res/1.2/3USCw2fPpBZUoMvAxwl57Q--/YXBwaWQ9aGlnaGxhbmRlcjt3PTEyMDA7aD01NDU-/https://media.zenfs.com/en/the_telegraph_818/22249be3931e0027fdf4255460a26380,SPOT,Yahoo,Spotify has blocked playlists making light of the killing of the chief executive of US insurance giant UnitedHealthcare.,https://finnhub.io/api/news?id=6db7c8ff43b4dad360fdf867d1558844b73ffafd5bf475e03d05a30376ab9e99,2024-12-10
company,1733824200,Coca-Cola vs. Sirius XM: Which Is the Better Dividend Growth Stock to Buy Now?,131902360,https://g.foolcdn.com/editorial/images/800351/a-person-sitting-at-their-home-office-desk-using-a-laptop-computer-getty.jpg,SPOT,Yahoo,"Coca-Cola (NYSE: KO) and Sirius XM (NASDAQ: SIRI) don't compete in the same industry, but dividend-seeking investors can find reasons to appreciate both stocks.  Coca-Cola attracts income-seeking investors with leading brands and a 62-year annual dividend-raising steak.  What Sirius XM's dividend program lacks in longevity it makes up for with rapid payout bumps.",https://finnhub.io/api/news?id=485dd0a7c1393e38cd2bf66476376d86c58495ea18cac41d633236748effae86,2024-12-10
company,1733752860,Snapchat Recap 2024: Here’s how and when to see your memories and ‘year-end’ story,131906754,,SPOT,Yahoo,The social media platform will release its popular year-in-review feature later this month. Here’s everything to know.,https://finnhub.io/api/news?id=5f81c070df3d8252d20d3c67b32b89257584268e29e234c16a8a1f2e1879b7c7,2024-12-09
company,1733648400,From $15 Billion To $100 Billion: Lessons From Our Spotify Investment,131861068,https://static.seekingalpha.com/cdn/s3/uploads/getty_images/1685565360/image_1685565360.jpg?io=getty-c-w1536,SPOT,SeekingAlpha,The purpose of this note is to share with our investors the evolution of our thinking on Spotify (SPOT) throughout our investment journey. Click here to read more.,https://finnhub.io/api/news?id=cd32dd018147a2267dfcb667591d0102ecd7352f05ea9e04bb79f2eeed49c4a8,2024-12-08
company,1733620487,Cathie Wood sells $5 million of surging tech stock,131856261,,SPOT,Yahoo,"The Nasdaq Composite is up 32.3% this year, while the ARK Innovation ETF has returned 20.1%.",https://finnhub.io/api/news?id=96af1ef444f2166a47ac047c6775b82ff109bc9cafb3df01016d5a749b1afc66,2024-12-08
company,1733501700,Townsquare Media Declines 4% YTD: Right Time to Buy the Stock?,131823875,https://media.zenfs.com/en/zacks.com/d43cb7b76527c97c59494165d3dffeae,SPOT,Yahoo,TSQ's new partnership model and expanding market reach bodes well for investors.,https://finnhub.io/api/news?id=4209bb3223f6681595fde6f8790dc18c21b846342863fbb5bc66c4c283079d4f,2024-12-06
company,1733433540,Spotify’s WHAT THE TRUCK?!? wrapped,131819190,https://media.zenfs.com/en/freightwaves_373/89fea9664ac1f15e704f1294f2a1f4df,SPOT,Yahoo,Inside the WHAT THE TRUCK?!? newsletter: WTT Wrapped; FreightVana aquires Loadsmith; HappyRobot's big raise The post Spotify’s WHAT THE TRUCK?!? wrapped appeared first on FreightWaves.,https://finnhub.io/api/news?id=c69861dc8d7850880b7f0aeaf7ac09d282301edeccb718e1f315dd9c82d65cd4,2024-12-05
company,1733430911,Spotify Technology S A : This Year’s Hottest Artists Are Sharing Which Artists Topped Their 2024 Wrapped Lists,131806191,,SPOT,Finnhub,"2024 Wrappedhas arrived, and millions of people around the world are sharing their most-streamed artists, albums, and songs of 2024. But it's not just fans showing love-the biggest artists on the...",https://finnhub.io/api/news?id=78e32f13433179499f814d30053c35e62168261da99946ce1847d4391a8226a2,2024-12-05
company,1733412023,Trump just gave a new signal he isn't going to let up on Big Tech,131793226,https://s.yimg.com/ny/api/res/1.2/IkM5an.6qbe6RhHTrDbrBA--/YXBwaWQ9aGlnaGxhbmRlcjt3PTEyMDA7aD04MDA-/https://s.yimg.com/os/creatr-uploaded-images/2024-12/d8eb7e60-b204-11ef-9fdb-891111262966,SPOT,Yahoo,President-elect Donald Trump is making it clear he doesn't intend to ease up on the nation's technology giants once he is back in the Oval Office.,https://finnhub.io/api/news?id=e2380856cf24e98a2542e6edf139a5c4b4d470745100749ceccd7c37d4cd8af5,2024-12-05
company,1733404500,Spotify Wrapped gets the AI treatment through Google partnership,131792307,,SPOT,Yahoo,"It's that time of year again, and no, I'm not talking about the holiday season or the post-Thanksgiving gym session. Spotify Wrapped is back (SPOT) to remind music lovers of their most listened-to songs and favorite artists from this past year, and it wouldn't be 2024 without a smidge of AI thrown in there. Steven Johnson, the Head of Editorial at Google Labs (GOOG, GOOGL), joins Josh Lipton and Akiko Fujita to talk about the AI partnership with Spotify to build out an AI-generated podcast to accompany users' Wrapped experience, built with Google NotebookLM. ""The software effectively looks at your listening history, it knows a little bit about the kind of the artists in question and their... records and their sensibility... and it turns that into this kind of playful banter, discussing what was interesting about your year in music,"" Johnson tells Yahoo Finance. To watch more expert insights and analysis on the latest market action, check out more Asking for a Trend here. This post was written by Luke Carberry Mogan.",https://finnhub.io/api/news?id=cec443e8a856a06d78a0ea56c39d93e17ec43fef50029b8b2506fa1e3e2b2174,2024-12-05
company,1733399520,Amazon’s new AI cloud strategy feels strangely familiar,131801355,https://s.yimg.com/ny/api/res/1.2/zhHM2d6AvjhPcfzO6aV2dA--/YXBwaWQ9aGlnaGxhbmRlcjt3PTEyMDA7aD04MDA-/https://media.zenfs.com/en/fortune_175/04895d0ca8923c5108041ccd3b8eb9a2,SPOT,Yahoo,It could help quiet critics who argue Amazon is playing catch-up in the AI wars.,https://finnhub.io/api/news?id=bb72f1bd34a19eda125f5320899fcfd2b2e0bcc6fe5702f3dcfb9ade73ba9822,2024-12-05
company,1733378460,"‘With Love Tiffany Holiday 2024,’ a Playlist by Gen Hoshino, Debuts on WWDJapan’s Spotify",131792310,https://wwd.com/wp-content/uploads/2024/12/TiffanyHoliday24_PRTIMES_1684x1120.jpg?w=1000&h=563&crop=1,SPOT,Yahoo,"Just in time for the holidays the 26-song playlist is an added bonus to Tiffany & Co.'s ""Tiffany Wonder"" event, which debuted in Tokyo in April and saw Hoshino perform.",https://finnhub.io/api/news?id=b26c79f75f98c75c052612430a0116c25a9044ebbe21652b9b4c144238759da8,2024-12-05
company,1733354100,3 Breakout Growth Stocks You Can Buy and Hold for the Next Decade,131774282,https://g.foolcdn.com/editorial/images/796391/nvda-nvidia-rddt-reddit-stock-market-investment.jpg,SPOT,Yahoo,"The year is drawing to a close, and what a year it has been for the stock market.  As of this writing, the S&P 500, Nasdaq Composite, and Dow Jones Industrial Average are up 26%, 28%, and 19%, respectively.  Here are three investors should know about.",https://finnhub.io/api/news?id=ba1632d0fb0113d88a4d56bd45a913ec010f91e9356af417e486394a94500f48,2024-12-04
company,1733344283,Spotify users are disappointed by an underwhelming Wrapped this year,131792313,"https://techcrunch.com/wp-content/uploads/2024/12/Desktop_Experience.jpg?resize=1200,675",SPOT,Yahoo,"After weeks of anticipation, some Spotify users are left underwhelmed by the streamer's personalized year-in-review feature, Spotify Wrapped — with many even going so far as to call it ""boring"" or a ""flop."" Chief among the complaints are that Spotify prioritized the inclusion of an AI podcast for Wrapped over the other, clever and creative data stories that it typically offers — like those that identify your music personality, match you to a town that shares your musical tastes, describe your “a",https://finnhub.io/api/news?id=e06a09b3e5390dbcd8f1427f8a6fa046a903060671918bc71e811a334f8759b2,2024-12-04
company,1733337837,Spotify Wrapped 2024 adds an AI podcast powered by Google's NotebookLM,131792314,"https://techcrunch.com/wp-content/uploads/2024/12/Mobile_Experience.jpg?resize=1200,675",SPOT,Yahoo,"Spotify Wrapped, the streamer's highly anticipated annual listening recap, has arrived. In addition to its usual personalized summary detailing your favorite artists, songs, podcasts, and more, the company this year is introducing two new features, including most notably an AI-powered podcast of your 2024 Wrapped created with Google's AI summarization tool, NotebookLM. Spotify is also rolling out a new data story called ""Your Music Evolution,"" which lets you see how your musical interests evolve",https://finnhub.io/api/news?id=6425f17a7cd0793f7cffb4e51735bf1cb76a943f4074ae15afb521febadb85e4,2024-12-04
company,1733332556,Drake's Legal Fight Involving Kendrick Lamar Takes Center Stage – And So Do Their Mega-Mansions,131771198,https://s.yimg.com/cv/apiv2/social/images/yahoo_default_logo-1200x1200.png,SPOT,Yahoo,"Drake has escalated his rivalry with Kendrick Lamar beyond diss tracks, filing a lawsuit against Spotify and Universal Music Group over alleged manipulation of streaming numbers. The legal action targets the promotion of Lamar’s “Not Like Us,” coming just days after Lamar’s new album “GNX.” The five-time Grammy winner claims both companies violated federal anti-racketeering laws through artificial inflation of the song’s popularity. “UMG did not rely on chance or even ordinary business practices",https://finnhub.io/api/news?id=1c16baf5c1f04980f5d69490dd7a56290c44ffa97efeef01fb31b5e0487df486,2024-12-04
company,1733320816,Spotify Technology (SPOT) is Attracting Investor Attention: Here is What You Should Know,131792316,https://media.zenfs.com/en/zacks.com/432476d296d64c50172213c0415587c9,SPOT,Yahoo,"Recently, Zacks.com users have been paying close attention to Spotify (SPOT). This makes it worthwhile to examine what the stock has in store.",https://finnhub.io/api/news?id=1014a784271e37ebf8f17a3770ced42aad9855205a422ebf0943214be46baece,2024-12-04
company,1733303588,Spotify Technology S A : How To Activate Your Musical Memories With Spotify,131766436,,SPOT,Finnhub,"Music transports us all to special moments and memories-it's one of the driving forces for our annual Wrapped campaign. And Spotify, as the world's leading audio-streaming platform, is uniquely...",https://finnhub.io/api/news?id=59d09b08759bb0fdeb7a113d8c2b2b52d7844a7bfbdacc49fc7dc6d1d6d08427,2024-12-04
company,1733300889,Spotify Technology S A : Hear From Some of Spotify’s Top EQUAL and GLOW Ambassadors of 2024,131765992,,SPOT,Finnhub,"As we unveil 2024 Spotify Wrapped, a celebration of the fans, artists, and creators that defined the year, we're thrilled to spotlight two global initiatives: EQUALand GLOW. These programs amplify the...",https://finnhub.io/api/news?id=0e41c6b8ea3108bc234e76ed7a031a09abf7a6790354efe0e5eeb7738ffb7739,2024-12-04
company,1733299569,From Data to Strategy: How Artists Can Make the Most of Their 2024 Wrapped,131765778,,SPOT,Finnhub,"Spotify Wrapped is beloved by fans, but artists also cherish the experience. For them, it's a unique opportunity to forge personal connections with their fans, celebrating those who streamed them the...",https://finnhub.io/api/news?id=221882b7310134233565090a1bbdd582382b345e171c98ec78d6effe1ea85b4d,2024-12-04
company,1733299568,Spotify Technology S A : Taylor Swift Takes the Crown as Spotify’s Global Top Artist of 2024,131765782,,SPOT,Finnhub,"Spotify Wrapped is here, and with it we are recognizing the fans, artists, and creators who shaped 2024. With millions of talented artists on Spotify, one has risen to the top to be crowned this...",https://finnhub.io/api/news?id=9c5c7e0d86322e1980100651b35cbb3883871312c3b4bfd6410884b1da585eb6,2024-12-04
company,1733299568,Spotify Technology S A : The Art and Science Behind Spotify Wrapped,131765781,,SPOT,Finnhub,"Spotify Wrapped is officially here, and with it comes your highly personal look back at how you soundtracked your year. We know your year in review evokes all the feels, but perhaps you'd like a bit...",https://finnhub.io/api/news?id=829d82fed9d67367f484db8a96bf1fc38ea4f6a86b6c02766a5d0df7662c2afa,2024-12-04
company,1733299568,Spotify Technology S A : Everything You Need To Know About Your Music Evolution,131765780,,SPOT,Finnhub,"This year, you grew and transformed, and your musical journey reflects this evolution. Did you start the year with some Pink Pilates Princess Strut Pop and transition to a Surf Crush Beach Reggae...",https://finnhub.io/api/news?id=d5f5310e42e6c3c8596b50a76196812ad00f935d18c4ba3a18001c1b671672c9,2024-12-04
company,1733299568,"Spotify Technology S A : From Breakout Pop Stars to Country Crossovers, Here’s the Scoop on 2024’s Biggest Music Trends on Spotify",131765779,,SPOT,Finnhub,"Music has always been at the heart of the annual Spotify Wrappedexperience, offering fans a unique reflection of the year gone by. And 2024 was quite the year, showing up with its own set of trends,...",https://finnhub.io/api/news?id=78d5cce8da5dcdbef9ea97e7a85ebc5c5c2672c3f93e750f2ee7b2db25c74b44,2024-12-04
company,1733236200,"Spotify Wrapped is late, but Apple Music Replay is here: How to see your most-played songs in 2024 with ‘year in review’",131792317,,SPOT,Yahoo,Spotify isn’t the only service that recaps your year of streaming. Take a look back with Apple’s highlight reel.,https://finnhub.io/api/news?id=91326751bd9ba4228d5d87b0733527ba4271a28f3ff2831fc78ac5f4a954fffb,2024-12-03
company,1733220859,The Trade Desk: A Potential Roku Merger Augments Market Penetration (Rating Downgrade),131753767,https://static.seekingalpha.com/cdn/s3/uploads/getty_images/2098359215/image_2098359215.jpg?io=getty-c-w1536,SPOT,SeekingAlpha,"The Trade Deskâs growth in multiple sectors is impressive, but its valuation is a concern. Find out why TTD stock may not be a bargain at current levels.",https://finnhub.io/api/news?id=af25e579f4acbb9f34d6df918fc3f143141217004b8d8dc6f271dac8601a93db,2024-12-03
company,1733202016,We’re all suffering from qualitynesia now,131755329,https://s.yimg.com/cv/apiv2/social/images/yahoo_default_logo-1200x1200.png,SPOT,Yahoo,"On my 13th birthday, my parents gave me a portable CD player and the masterpiece that was Fresh Hits 1997. Like more than 600mn other people...",https://finnhub.io/api/news?id=6e707c40a357ca526e61d5baafb7a9bc3061847b6a3764cb75c7b16a2fe6a286,2024-12-03
company,1733076851,Why Is Spotify Technology S.A. (SPOT) Among the Best Cyclical Stocks for Economic Recovery According to Morgan Stanley?,131734102,https://s.yimg.com/ny/api/res/1.2/L1VfzT4mG1Rv4M6zH9u5Cg--/YXBwaWQ9aGlnaGxhbmRlcjt3PTEyMDA7aD02NzM-/https://media.zenfs.com/en/insidermonkey.com/ba8bd44a0ab196b25bfaf9408d49d0db,SPOT,Yahoo,"We recently compiled a list of the Morgan Stanley’s Best Stocks For Economic Recovery: Top 9 Cyclical Stocks. In this article, we are going to take a look at where Spotify Technology S.A. (NYSE:SPOT) stands against the other cyclical stocks. As 2024 approaches its end, the stock market has been through it all. The driving theme […]",https://finnhub.io/api/news?id=0c6acb6d120a5003f65e777a01fea766e03a30c0b3123de9ef6a87004aac5509,2024-12-01
