title,published_date,url,content_preview,polarity,subjectivity,sentiment
"LiveOne (LVO) Adds Emmy-Winning Series ""Before The Fame"" to Slate of Original IP",2025-03-19T14:57:00Z,https://www.globenewswire.com/news-release/2025/03/19/3045613/0/en/LiveOne-LVO-Adds-Emmy-Winning-Series-Before-The-Fame-to-Slate-of-Original-IP.html,"LiveOne (LVO) Adds Emmy-Winning Series ""Before The Fame"" to Slate of Original IP March 19, 2025 10:57 ET | Source: Liveone, Inc. Liveone, Inc. Micheal Sherman takes you behind the spotlight with exclusive untold stories of Mike Tyson, Michael Jackson, The Rolling Stones, and More Witness their strug...",0.1016784730421094,0.47694805194805195,Positive
Easily add wireless CarPlay for just $65 with this 10-inch touchscreen,2025-03-19T13:30:14Z,https://www.cultofmac.com/deals/essgoo-10-inch-touchscreen-wireless-carplay-screen-deal,,0.0,0.0,Insufficient Text
Nvidia stock: Here's the next potential catalyst,2025-03-19T13:07:08Z,https://biztoc.com/x/f1692d0bb561ef91,Why did the Fed hold interest rates? What triggered Tesla Cybertruck recall? How did OPEC cuts affect oil prices? Why are crypto ETF filings rising? Why did VC funding surge today? What caused volatile stock markets today? How are tariffs disrupting supply chains? What is fueling the AI boom? Why ar...,0.07976190476190477,0.5482142857142858,Neutral
Why Nvidia stock holds the key to unlocking a rejuvenated market,2025-03-18T13:01:07Z,https://biztoc.com/x/3cc1e68e6f342300,Why did the Fed hold interest rates? What triggered Tesla Cybertruck recall? How did OPEC cuts affect oil prices? Why are crypto ETF filings rising? Why did VC funding surge today? What caused volatile stock markets today? How are tariffs disrupting supply chains? What is fueling the AI boom? Why ar...,0.1380952380952381,0.544047619047619,Positive
"Cartoonish Tesla crashes, Toyota battery deals, and new Chinese hotness",2025-03-18T01:30:53Z,http://electrek.co/2025/03/17/cartoonish-tesla-crashes-toyota-battery-deals-and-new-chinese-hotness/,"ACME stock soars on today‚Äôs cartoonishly silly episode of Quick Charge , we watch Tesla Autopilot crash into a wall with a painting on it, make the Elon stans look silly when they point out shady behavior from their fearless leader, and toss out the notion that some franchise dealers might help the ...",0.17462121212121212,0.5592592592592592,Positive
ASUS ROG Phone 9 Pro Edition Review,2025-03-18T01:00:50Z,https://www.yugatech.com/gadget-reviews/asus-rog-phone-9-pro-edition-review/,Previous Post realme P3 5G now official,0.0,0.0,Insufficient Text
How to stop doomscrolling,2025-03-17T21:16:14Z,https://techcrunch.com/2025/03/17/how-to-stop-doomscrolling/,"Image Credits: rob dobi / Getty Images Social How to stop doomscrolling Amanda Silberling 2:16 PM PDT ¬∑ March 17, 2025",0.03333333333333333,0.06666666666666667,Neutral
Commodore Invented the Mass Market Computer,2025-03-17T19:31:22Z,https://every.to/the-crazy-ones/the-first-king-of-home-computing,,0.0,0.0,Insufficient Text
"Why Tesla stock looks 'extremely' oversold, this top markets technician says",2025-03-17T19:29:13Z,https://biztoc.com/x/c69cab6d3fd5f70c,Why did the Fed hold interest rates? What triggered Tesla Cybertruck recall? How did OPEC cuts affect oil prices? Why are crypto ETF filings rising? Why did VC funding surge today? What caused volatile stock markets today? How are tariffs disrupting supply chains? What is fueling the AI boom? Why ar...,0.09642857142857143,0.6898809523809524,Neutral
Netflix Leads Media Stocks Higher On Bullish Report Amid Broad Market Uptick,2025-03-17T18:15:49Z,http://deadline.com/2025/03/netflix-shares-higher-won-streaming-wars-analyst-stocks-markets-1236328548/,"By Jill Goldsmith Jill Goldsmith Co-Business Editor More Stories By Jill NBA‚Äôs Boston Celtics Sold For Record $6.1 Billion Media Stocks, Broader Markets Rebound As Fed Forecasts Two Interest Rate Cuts In 2025 Digital Sports Brand Jomboy Media Elevates Courtney Hirsch To CEO View All March 17, 2025 1...",0.14166666666666664,0.43909090909090914,Positive
Is Nvidia stock washed out yet on the charts?,2025-03-17T16:43:01Z,https://biztoc.com/x/1180bfb75dc74ca4,Why did the Fed hold interest rates? What triggered Tesla Cybertruck recall? How did OPEC cuts affect oil prices? Why are crypto ETF filings rising? Why did VC funding surge today? What caused volatile stock markets today? How are tariffs disrupting supply chains? What is fueling the AI boom? Why ar...,0.10714285714285715,0.6598214285714286,Positive
Transcript:¬†Stephanie Kelton on US Fiscal Policy and the ‚ÄòDeficit Myth‚Äô,2025-03-17T12:00:31Z,https://ritholtz.com/2025/03/transcript-stephanie-kelton/,"The transcript from this week‚Äôs, MiB: Stephanie Kelton on US Fiscal Policy and the ‚ÄòDeficit Myth‚Äô , is below. You can stream and download our full conversation, including any podcast extras, on Apple Podcasts , Spotify , YouTube , and Bloomberg . All of our earlier podcasts on your favorite pod host...",0.14377163175088384,0.48012427707415395,Positive
Limited-Time Deal: Amazon Fire HD 10 Tablet ‚Äì Now $94.99 (Was $139.99)!,2025-03-17T11:55:23Z,https://phandroid.com/2025/03/17/limited-time-deal-amazon-fire-hd-10-tablet-now-94-99-was-139-99/,"0 The Amazon Fire HD 10 (Newest Model) is currently on sale for just $94.99, down from its regular price of $139.99‚Äîthat‚Äôs 32% off! If you‚Äôre looking for an affordable, high-performance tablet for entertainment, reading, or even light work, this deal is too good to pass up. üì¢ Stock is limited at thi...",0.35219326469326473,0.5191261591261589,Positive
How AI is Revolutionizing Hotels: the Perfect Balance Between Technology and the Human Touch,2025-03-17T07:01:00Z,https://www.hospitalitynet.org/opinion/4126275.html,"Imagine walking into a hotel where everything feels tailored to you. The front desk greets you by name, your room is set at your ideal temperature, and your dinner reservation at that impossible-to-book restaurant? Already secured. No awkward delays, no fumbling with paperwork‚Äîjust seamless hospital...",0.19401742859189675,0.4312054179075455,Positive
Money Diaries: A software consultant on ‚Ç¨76K living in Co Kildare,2025-03-16T20:00:30Z,https://www.thejournal.ie/readme/money-diaries-spending-saving-42-6645757-Mar2025/,"We need your help now Support from readers like you keeps The Journal open. You are visiting us because we have something you value. Independent, unbiased news that tells the truth. Advertising revenue goes some way to support our mission, but this year it has not been enough. If you've seen value i...",0.18000000000000002,0.45166666666666666,Positive
"What happened in marketing: Community notes begin, Discord & Klarna's IPO and Spotify vs Artist",2025-03-16T19:11:36Z,https://thesocialjuice.substack.com/p/what-happened-in-marketing-community,"The Social Juice  .. Jaskaran Mar 16, 2025 10 Share this post The Social Juice What happened in marketing: Community notes begin, Discord & Klarna's IPO and Spotify vs Artist Copy link Facebook Email Notes More 1 1 Share Help me help you, or at least help me help this   Answer one question below, or...",0.12282800696035996,0.4124497300085534,Positive
What do tariffs and trade wars mean for your KiwiSaver? - The Prosperity Project,2025-03-16T16:00:00Z,https://www.nzherald.co.nz/business/what-do-tariffs-and-trade-wars-mean-for-your-kiwisaver-the-prosperity-project/JQYVODBBONF6ZGH46EGASSCBZY/,Search,0.0,0.0,Insufficient Text
The new productivity playbook: beyond cost-cutting to real value creation,2025-03-16T12:34:00Z,https://www.bangkokpost.com/business/general/2981030/the-new-productivity-playbook-beyond-cost-cutting-to-real-value-creation,The new productivity playbook: beyond cost-cutting to real value creation Small Medium Large Business General The new productivity playbook: beyond cost-cutting to real value creation Why the best companies are redefining productivity to boost capability PUBLISHED : 16 Mar 2025 at 19:34 WRITER: Arin...,0.12622093111566798,0.4370110123794334,Positive
Prediction: Spotify Will Soar Over the Next 3 Years. Here's 1 Reason Why,2025-03-15T18:32:59Z,https://biztoc.com/x/19db6b65e83aa6cf,Why did the Fed hold interest rates? What triggered Tesla Cybertruck recall? How did OPEC cuts affect oil prices? Why are crypto ETF filings rising? Why did VC funding surge today? What caused volatile stock markets today? How are tariffs disrupting supply chains? What is fueling the AI boom? Why ar...,0.14940476190476193,0.41324404761904765,Positive
Investing Politics: Globalization Backlash and Government Disruption!,2025-03-15T16:50:00Z,https://www.blogger.com/comment/fullpage/post/8152901575140311047/2497368239801124984,Comments on Investing Politics: Globalization Backlash and Government Disruption! : Musings on Markets Collapse all comments Expand all comments Load more Comment as: Select Profile: Google Account Anonymous Name / URL ÓóÖ Edit Enter Comment Publish Preview This site is protected by reCAPTCHA and the ...,0.3333333333333333,0.41666666666666663,Positive
MrBeast is Doing Big Numbers‚Ä¶In the Candy Aisle,2025-03-15T09:00:00Z,https://slate.com/podcasts/slate-money/2025/03/business-famous-youtuber-mrbeast-chocolate-binance-donald-trump-stock-market,"Slate Money March 15, 2025 5:00 AM MrBeast and The Chocolate Factory The Stock Market keeps plummeting, Binance might be trying to buy a Trump pardon, and MrBeast‚Äôs chocolate is doing big numbers. Tweet Share Share View Transcript   Please enable javascript to get your Slate Plus feeds. All Slate Pl...",0.15993390538033397,0.6062847866419295,Positive
Rankings Show: Who are the least compelling UFC champions right now?,2025-03-14T23:00:00Z,https://www.mmafighting.com/2025/3/14/24384421/rankings-show-who-are-the-least-compelling-ufc-champions-right-now,UFC MMA News Betting Online Sports Betting UFC Odds Podcasts Schedule Fight Schedule Fight Results Rankings Sections Results Boxing Bellator Videos Full Archive About Masthead Community Guidelines ‚úï,0.35,0.55,Positive
The man whose tweets helped kill DEI,2025-03-14T21:38:23Z,https://www.vox.com/today-explained-podcast/404120/richard-hanania-dei-policy-trump,"Podcasts / Today, Explained podcast The man whose tweets helped kill DEI We talk to Richard Hanania, an influential thinker on the online right, about how he got DEI dismantled and why he‚Äôs fallen out of love with MAGA. by Noel King and Miles Bryan Mar 15, 2025, 11:00 AM UTC Facebook Link",0.39285714285714285,0.5678571428571428,Positive
Sen. Ted Cruz on Trump tariffs: I don't want to see big tariffs long-term on Mexico and Canada,2025-03-14T13:12:42Z,https://finance.yahoo.com/news/sen-ted-cruz-on-trump-tariffs-i-dont-want-to-see-big-tariffs-long-term-on-mexico-and-canada-131242950.html,"Unlock stock picks and a broker-level newsfeed that powers Wall Street. Upgrade Now Sen. Ted Cruz on Trump tariffs: I don't want to see big tariffs long-term on Mexico and Canada Brian Sozzi ¬∑ Executive Editor Fri, Mar 14, 2025, 2:12 PM 4 min read In This Article: PLTR +1.64% NVDA +0.48% TSLA -1.22%...",0.08647482285541987,0.3853139605005276,Neutral
Early Impacts of Trump 2.0 on Domestic Climate Policy,2025-03-13T16:23:54Z,https://energycentral.com/c/ec/early-impacts-trump-20-domestic-climate-policy,"Post Early Impacts of Trump 2.0 on Domestic Climate Policy Robert Stavins 45,412 Professor & Director, John F. Kennedy School of Government, Harvard University Robert N. Stavins is the A.J. Meyer Professor of Energy & Economic Development, Director of Graduate Studies for the Doctoral Programs in Pu...",0.13605648023751474,0.3621836177870662,Positive
Wall Street's gloom lifts as markets catch a ray of light,2025-03-13T13:23:13Z,https://www.businessinsider.com/markets-rise-may-soon-recover-tariff-upheaval-inflation-data-2025-3,Hallam Bullock 2025-03-13T13:23:13Z,0.0,0.0,Insufficient Text
PodcastOne (NASDAQ: PODC) Launches its 200th Show: In The Mind of a Man with Jax Taylor,2025-03-13T12:00:00Z,https://www.globenewswire.com/news-release/2025/03/13/3042159/0/en/PodcastOne-NASDAQ-PODC-Launches-its-200th-Show-In-The-Mind-of-a-Man-with-Jax-Taylor.html,"PodcastOne (NASDAQ: PODC) Launches its 200th Show: In The Mind of a Man with Jax Taylor March 13, 2025 08:00 ET | Source: PodcastOne PodcastOne Solo Podcast from Reality Television Star Debuts Ahead of Season 2 of Bravo‚Äôs The Valley LOS ANGELES, March 13, 2025 (GLOBE NEWSWIRE) -- PodcastOne (NASDAQ:...",0.07921211978904288,0.46038759673375057,Neutral
"Tomorrow morning, the ministries‚Äô last call draw‚Ä¶ step right up, folks, duet of Œóatz with Skertsos, the enigma of the Ministry of Finance, and the chain reactions",2025-03-13T07:22:03Z,https://en.protothema.gr/2025/03/13/tomorrow-morning-the-ministries-last-call-draw-step-right-up-folks-duet-of-Œ∑atz-with-skertsos-the-enigma-of-the-ministry-of-finance-and-the-chain-reactions/,"Tomorrow morning, the ministries‚Äô last call draw‚Ä¶ step right up, folks, duet of Œóatz with Skertsos, the enigma of the Ministry of Finance, and the chain reactions Donald Trump's tariffs & the changes in art Newsroom March 13 09:22 Hello, then tomorrow morning, barring any unforeseen circumstances, K...",0.07297243139680115,0.4030202383983897,Neutral
Spotify Technology (NYSE:SPOT) Coverage Initiated at Redburn Atlantic,2025-03-13T06:09:05Z,https://www.etfdailynews.com/2025/03/13/spotify-technology-nysespot-coverage-initiated-at-redburn-atlantic/,"You might be interested in: MongoDB, Inc. Shares Purchased by HighTower Advisors LLC Sequoia Financial Advisors LLC Has $241,000 Stake in Franco-Nevada Co. Independent Advisor Alliance Has $217,000 Stock Position in Snap Inc. AlphaQuest LLC Sells 978 Shares of MicroStrategy Incorporated Science Appl...",0.07296650717703348,0.17392344497607654,Neutral
Spotify paid over $10B US to the music industry last year. How much actually makes it to the artists?,2025-03-12T21:25:07Z,https://www.cbc.ca/news/entertainment/spotify-artists-songwriters-royalties-1.7481854,Entertainment Spotify paid over $10B US to the music industry last year. How much actually makes it to the artists? Spotify on Wednesday released further details about its record $10 billion US in royalties in 2024 in its Loud & Clear report. The report comes amid the ongoing debate about how much m...,0.09220519358231222,0.44268227064837223,Neutral
Brand Identity Guidelines Brochure Template for Adobe InDesign,2025-03-12T15:40:07Z,https://tumblr.weandthecolor.com/post/777827392902381568/brand-identity-guidelines-brochure-template-for,"Brand Identity Guidelines Brochure Template for Adobe InDesign If you‚Äôre searching for a stylish brochure template to present every aspect of your branding project, this Adobe InDesign template could be just what you need. Designed by Adobe Stock contributor GraphicArtist, it features 30 fully edita...",0.075,0.4,Neutral
Trump-fueled stock market volatility should have been expected: Edward Jones CEO,2025-03-12T14:46:57Z,https://biztoc.com/x/36daa364191cc0f5,Why did the Fed hold interest rates? What triggered Tesla Cybertruck recall? How did OPEC cuts affect oil prices? Why are crypto ETF filings rising? Why did VC funding surge today? What caused volatile stock markets today? How are tariffs disrupting supply chains? What is fueling the AI boom? Why ar...,0.14489795918367346,0.43928571428571433,Positive
Helena Rubinstein: A Pioneer of the Modern Beauty Industry,2025-03-12T12:02:00Z,https://hbr.org/podcast/2025/03/helena-rubinstein-a-pioneer-of-the-modern-beauty-industry,"Details Transcript March 12, 2025 In the early 20th century, Helena Rubinstein defied gender, class, and cultural expectations to become one of the first pioneers of the modern beauty industry. Today, her namesake luxury cosmetics brand is worth more than $1 billion. Harvard Business School professo...",0.16808965024874123,0.4600593543136158,Positive
Spotify Technology S.A. (NYSE:SPOT) Shares Acquired by Charles Schwab Investment Management Inc.,2025-03-12T08:58:54Z,https://www.etfdailynews.com/2025/03/12/spotify-technology-s-a-nysespot-shares-acquired-by-charles-schwab-investment-management-inc/,"You might be interested in: MongoDB, Inc. Shares Purchased by HighTower Advisors LLC Sequoia Financial Advisors LLC Has $241,000 Stake in Franco-Nevada Co. Independent Advisor Alliance Has $217,000 Stock Position in Snap Inc. AlphaQuest LLC Sells 978 Shares of MicroStrategy Incorporated Science Appl...",0.07296650717703348,0.17392344497607654,Neutral
The History of the Crossbow,2025-03-12T08:24:26Z,https://everything-everywhere.com/the-history-of-the-crossbow/,"  It evolved from an early hand-held projectile weapon into a powerful tool of warfare that shaped battles for centuries. It was one of the few weapons powerful enough to stop a fully armored knight. Yet, despite its power, it wasn‚Äôt necessarily the most powerful ranged weapon on a battlefield and w...",0.12349157955865275,0.4256178961057009,Positive
"The stock market is down, but you don't need to be",2025-03-12T07:00:59Z,https://www.npr.org/2025/03/12/1237991517/the-stock-market-is-down-but-you-dont-need-to-be,Accessibility links Skip to main content Keyboard shortcuts for audio player The stock market is in a correction. Should investors panic? : The Indicator from Planet Money Government cuts. Tariff uncertainty. Sticky interest rates. These are not helping the tumbling stock market. There's a sinking f...,-0.16444444444444445,0.4411111111111111,Negative
One of the best Android Auto adapters I've tested is finally back in stock - and likely not for long,2025-03-11T14:13:00Z,https://www.zdnet.com/article/one-of-the-best-android-auto-adapters-ive-tested-is-finally-back-in-stock-and-likely-not-for-long/,"Tech Why you can trust ZDNET : ZDNET independently tests and researches products to bring you our best recommendations and advice. When you buy through our links, we may earn a commission. Our process 'ZDNET Recommends': What exactly does it mean? ZDNET's recommendations are based on many hours of t...",0.16736024392274393,0.45048996142746167,Positive
"Transcript: Philipp Carlsson-Szlezak, BCG",2025-03-11T12:30:03Z,https://ritholtz.com/2025/03/transcript-philipp-carlsson-szlezak-bcg/,"The transcript from this week‚Äôs, MiB: Philipp Carlsson-Szlezak, Global Chief Economist for BCG , is below. You can stream and download our full conversation, including any podcast extras, on Apple Podcasts , Spotify , YouTube , and Bloomberg . All of our earlier podcasts on your favorite pod hosts c...",0.12610114419679247,0.4349504683892712,Positive
Spotify Technology S.A. (NYSE:SPOT) Shares Bought by Steward Partners Investment Advisory LLC,2025-03-11T08:00:56Z,https://www.etfdailynews.com/2025/03/11/spotify-technology-s-a-nysespot-shares-bought-by-steward-partners-investment-advisory-llc/,"You might be interested in: MongoDB, Inc. Shares Purchased by HighTower Advisors LLC Sequoia Financial Advisors LLC Has $241,000 Stake in Franco-Nevada Co. Independent Advisor Alliance Has $217,000 Stock Position in Snap Inc. AlphaQuest LLC Sells 978 Shares of MicroStrategy Incorporated Science Appl...",0.07296650717703348,0.17392344497607654,Neutral
Spotify Technology S.A. (NYSE:SPOT) Given Average Rating of ‚ÄúModerate Buy‚Äù by Analysts,2025-03-11T06:47:19Z,https://www.etfdailynews.com/2025/03/11/spotify-technology-s-a-nysespot-given-average-rating-of-moderate-buy-by-analysts/,"You might be interested in: Sequoia Financial Advisors LLC Has $241,000 Stake in Franco-Nevada Co. Independent Advisor Alliance Has $217,000 Stock Position in Snap Inc. AlphaQuest LLC Sells 978 Shares of MicroStrategy Incorporated Science Applications International Co. Shares Purchased by HighTower ...",0.07702020202020202,0.18358585858585857,Neutral
What is Alphabet Inc.?,2025-03-10T16:07:00Z,https://www.techtarget.com/whatis/definition/Alphabet-Inc,"Share this item with your network: By Rahul Awati Gavin Wright Alphabet Incorporated (also known as Alphabet Inc. or simply Alphabet) is a conglomerate of numerous companies, including the search engine giant Google. In 2015, Alphabet became Google's holding company. As of 2025, Google, along with m...",0.12667330975257807,0.41861163903846843,Positive
"Oppenheimer & Co. Inc. Has $205,000 Holdings in Spotify Technology S.A. (NYSE:SPOT)",2025-03-10T07:28:56Z,https://www.etfdailynews.com/2025/03/10/oppenheimer-co-inc-has-205000-holdings-in-spotify-technology-s-a-nysespot/,"You might be interested in: MongoDB, Inc. Shares Purchased by HighTower Advisors LLC Sequoia Financial Advisors LLC Has $241,000 Stake in Franco-Nevada Co. Independent Advisor Alliance Has $217,000 Stock Position in Snap Inc. AlphaQuest LLC Sells 978 Shares of MicroStrategy Incorporated Science Appl...",0.07296650717703348,0.17392344497607654,Neutral
"If I were just starting to invest in ASX shares, I'd buy this investment first",2025-03-09T17:15:00Z,https://www.fool.com.au/2025/03/10/if-i-were-just-starting-to-invest-in-asx-shares-id-buy-this-investment-first/,"Image source: Getty Images You‚Äôre reading a free article with opinions that may differ from The Motley Fool‚Äôs Premium Investing Services. Become a Motley Fool member today to get instant access to our top analyst recommendations, in-depth research, investing resources , and more. Learn More I think ...",0.2391600529100529,0.48140873015873004,Positive
How to stop doomscrolling,2025-03-09T14:00:00Z,https://techcrunch.com/2025/03/09/how-to-stop-doomscrolling/,"Image Credits: rob dobi / Getty Images Social How to stop doomscrolling Amanda Silberling 2:16 PM PDT ¬∑ March 17, 2025",0.03333333333333333,0.06666666666666667,Neutral
Top Music Stocks To Watch Today ‚Äì March 7th,2025-03-09T10:34:52Z,https://www.etfdailynews.com/2025/03/09/top-music-stocks-to-watch-today-march-7th/,"You might be interested in: MongoDB, Inc. Shares Purchased by HighTower Advisors LLC Sequoia Financial Advisors LLC Has $241,000 Stake in Franco-Nevada Co. Independent Advisor Alliance Has $217,000 Stock Position in Snap Inc. AlphaQuest LLC Sells 978 Shares of MicroStrategy Incorporated Science Appl...",0.05242424242424242,0.13363636363636364,Neutral
Spotify Technology S.A. (NYSE:SPOT) Shares Acquired by Jones Financial Companies Lllp,2025-03-09T09:42:48Z,https://www.etfdailynews.com/2025/03/09/spotify-technology-s-a-nysespot-shares-acquired-by-jones-financial-companies-lllp/,"You might be interested in: MongoDB, Inc. Shares Purchased by HighTower Advisors LLC Sequoia Financial Advisors LLC Has $241,000 Stake in Franco-Nevada Co. Independent Advisor Alliance Has $217,000 Stock Position in Snap Inc. AlphaQuest LLC Sells 978 Shares of MicroStrategy Incorporated Science Appl...",0.07296650717703348,0.17392344497607654,Neutral
Stellar Price Could Target $0.33 In Next Move ‚Äî¬†Time To Buy?,2025-03-09T09:00:57Z,http://www.newsbtc.com/news/stellar-xlm/stellar-price-could-target-0-33-in-next-move-time-to-buy/,Cryptocurrency News Bitcoin News (BTC) Ethereum News (ETH) Ripple News (XRP) Shiba Inu News (SHIB) Cardano News (ADA) Dogecoin News (DOGE) Solana News (SOL) Litecoin News (LTC) Avalanche News (AVAX) Polygon News (MATIC) Crypto Prices Binance Coin (BNB) Price Bitcoin (BTC) Price Cardano (ADA) Price C...,0.0,0.0,Neutral
Mizzou men slump to end of regular season on losing streak. 'We wanted to do better.',2025-03-08T21:20:00Z,https://www.stltoday.com/sports/college/mizzou/article_38ccaeb0-fae6-11ef-a256-9fd5116aad7a.html,Register for more free articles. Sign up for our   Be the first to know Get local news delivered to your inbox! Sign up! Already a Subscriber? Sign in Terms of Service Privacy Policy,0.2875,0.4083333333333333,Positive
Need a Stunning Portfolio? This A4 InDesign Template Will Blow You Away!,2025-03-08T14:02:41Z,https://tumblr.weandthecolor.com/post/777458875153711104/need-a-stunning-portfolio-this-a4-indesign,"Need a Stunning Portfolio? This A4 InDesign Template Will Blow You Away! Has anyone else ever felt completely overwhelmed by the idea of building a portfolio that truly represents your work? Let‚Äôs be real‚Äîcreating a professional, polished portfolio from scratch is no easy task. It demands time, effo...",0.16064814814814815,0.4398148148148148,Positive
The New Literalism Plaguing Today‚Äôs Biggest Movies,2025-03-08T11:00:00Z,https://www.newyorker.com/culture/critics-notebook/the-new-literalism-plaguing-todays-biggest-movies,"Skip to main content Save this story Save this story Save this story Save this story A warrior is in a prison cell. His guard approaches and shows him the wooden sword that he will receive once he has earned his freedom. The warrior grabs it, uses his unlocked cell door to knock the guard down, and ...",0.10051510546191399,0.4460395443799701,Positive
What AP found this week: Android 16 is on track for June,2025-03-08T10:54:33Z,https://www.androidpolice.com/thread/what-ap-found-this-week/,Close,0.0,0.0,Insufficient Text
Bauhaus-inspired Poster Designs ‚Äî Vector Templates,2025-03-07T21:06:19Z,https://tumblr.weandthecolor.com/post/777394930936053760/bauhaus-inspired-poster-designs-vector-templates,"Bauhaus-inspired Poster Designs ‚Äî Vector Templates Available on Adobe Stock, Tartila‚Äôs Bauhaus-inspired poster templates feature fully editable vector graphics for complete customization. Their modern, minimalist design, using geometric shapes and primary colors, captures classic Bauhaus aesthetics,...",0.25952380952380955,0.4309523809523809,Positive
"I finally found a wireless Android Auto adapter that's responsive, functional, and won't break the bank",2025-03-07T19:16:00Z,https://www.zdnet.com/article/i-finally-found-a-wireless-android-auto-adapter-thats-responsive-functional-and-wont-break-the-bank/,"Tech Why you can trust ZDNET : ZDNET independently tests and researches products to bring you our best recommendations and advice. When you buy through our links, we may earn a commission. Our process 'ZDNET Recommends': What exactly does it mean? ZDNET's recommendations are based on many hours of t...",0.16736024392274393,0.45048996142746167,Positive
Simple Social Media/Instagram Post Templates for Adobe InDesign,2025-03-07T16:17:08Z,https://tumblr.weandthecolor.com/post/777376736974340096/simple-social-mediainstagram-post-templates-for,"Simple Social Media/Instagram Post Templates for Adobe InDesign In today‚Äôs digital age, a strong social media presence is crucial for businesses, content creators, and influencers. For those lacking time or design skills, Adobe Stock offers a solution with orangeberry‚Äôs simple social media post temp...",0.1638888888888889,0.3900793650793651,Positive
Ezra Klein: What Does Elon Musk Want? Who Is He?,2025-03-07T16:00:00Z,https://dianeravitch.net/2025/03/07/ezra-klein-what-does-elon-musk-want-who-is-he/,"Home About Follow Diane‚Äôs Posts NPE Blog Posts Of The Day Blog Topics Accountability Administrators, superintendents Alabama ALEC Alternate Route To Certification Arts Education Black Alliance for Educational Options Blended Learning Bloomberg, Michael Boston Consulting Group Broad Foundation Budget...",-0.022023809523809522,0.2279761904761905,Neutral
"2025 NFL mock draft: Chiefs, Cowboys trade into top 10, plus should we be concerned with Ashton Jeanty's size?",2025-03-07T15:16:37Z,https://www.cbssports.com/nfl/draft/news/2025-nfl-mock-draft-chiefs-cowboys-trade-into-top-10-plus-should-we-be-concerned-with-ashton-jeantys-size/,NFL Home 2025 NFL Draft Prospect Rankings NFL News & Highlights Mock Drafts,0.0,0.0,Insufficient Text
Market whiplash on tariffs this week shows the limits of listening to anyone but Trump,2025-03-07T12:47:43Z,https://finance.yahoo.com/news/market-whiplash-on-tariffs-this-week-shows-the-limits-of-listening-to-anyone-but-trump-124743856.html,"Unlock stock picks and a broker-level newsfeed that powers Wall Street. Upgrade Now Market whiplash on tariffs this week shows the limits of listening to anyone but Trump Ben Werschkul ¬∑ Washington Correspondent Updated Sat, Mar 8, 2025, 1:53 PM 5 min read In This Article: ^DJI +0.13% A series of ra...",0.1015096618357488,0.4273433088650479,Positive
Sam Thursfield: Media playback tablet running GNOME and postmarketOS,2025-03-07T11:48:32Z,https://samthursfield.wordpress.com/2025/03/07/media-playback-tablet-running-gnome-and-postmarketos/,"A couple of years ago I set up a simple and independent media streaming server for my Bandcamp music collection using a Raspberry Pi 4, Fedora IoT and Jellyfin. It works nicely and I don‚Äôt have to play any cloud rent to Spotify to listen to music at home. But it‚Äôs annoying having the music playback ...",0.20568051426485165,0.514864479563275,Positive
521 Shares in Spotify Technology S.A. (NYSE:SPOT) Bought by QRG Capital Management Inc.,2025-03-07T09:41:03Z,https://www.etfdailynews.com/2025/03/07/521-shares-in-spotify-technology-s-a-nysespot-bought-by-qrg-capital-management-inc/,"You might be interested in: MongoDB, Inc. Shares Purchased by HighTower Advisors LLC Sequoia Financial Advisors LLC Has $241,000 Stake in Franco-Nevada Co. Independent Advisor Alliance Has $217,000 Stock Position in Snap Inc. AlphaQuest LLC Sells 978 Shares of MicroStrategy Incorporated Science Appl...",0.07296650717703348,0.17392344497607654,Neutral
"Xi‚Äôs Big Challenge Is Getting People to Spend, Spend, Spend",2025-03-07T07:27:54Z,https://financialpost.com/pmn/business-pmn/xis-big-challenge-is-getting-people-to-spend-spend-spend,"Share this Story : Xi's Big Challenge Is Getting People to Spend, Spend, Spend Copy Link Email X Reddit Pinterest LinkedIn Tumblr Article content (Bloomberg) ‚Äî Never miss an episode. Follow The Big Take Asia podcast today. Article content We apologize, but this video has failed to load. Try refreshi...",0.11055939630293075,0.40276711076280064,Positive
"Netflix Stock Slides Amid Analyst Forecast of Slowing Sub Growth, Broader Market Turmoil Over Tariffs",2025-03-06T21:07:09Z,https://variety.com/2025/biz/news/netflix-stock-drop-slowing-sub-growth-tariffs-1236330603/,,0.0,0.0,Insufficient Text
Checking in on Mizzou's NFL Draft prospects and men's hoops panic meter rising: Eye on the Tigers,2025-03-06T17:15:00Z,https://www.stltoday.com/sports/college/mizzou/eye-on-the-tigers/article_cd316042-faae-11ef-8c72-930c59447304.html,Register for more free articles. Sign up for our   Be the first to know Get local news delivered to your inbox! Sign up! Already a Subscriber? Sign in Terms of Service Privacy Policy,0.2875,0.4083333333333333,Positive
"At the Money: Austan Goolsbee, Chicago Fed President on Tariffs, Inflation and Monetary Policy",2025-03-06T17:00:21Z,https://ritholtz.com/2025/03/atm-austan-goolsbee-tariffs-inflation/,"Ôªø Ôªø Ôªø Ôªø At the Money: Chicago Fed President Austan Goolsbee on Tariffs, Supply Chains and Inflation (March 5, 2025) What is the potential inflation impact of tariffs? Can the Fed ignore supply-chain disruptions that drive up prices? How should investors view the relationship between trade policy and...",0.09545124037639013,0.45118352095897013,Neutral
AI Investments That Pay Off: How Enterprises Are Seeing Real ROI,2025-03-06T15:21:38Z,https://www.storagereview.com/news/ai-investments-that-pay-off-how-enterprises-are-seeing-real-roi,"AI Enterprise AI Investments That Pay Off: How Enterprises Are Seeing Real ROI by Brian Beeler March 6, 2025 written by Brian Beeler March 6, 2025 Microsoft‚Äôs $80B AI push reinforces that AI ROI is real. Enterprises see up to $10.30 per $1 spent‚ÄîAI is a must-have, not a gamble. AI is reshaping indus...",0.19243489583333334,0.4867782738095239,Positive
The Shocking Truth About Spotify‚Äôs Valuation,2025-03-06T14:54:17Z,https://www.forbes.com/sites/greatspeculations/2025/03/06/the-shocking-truth-about-spotifys-valuation/,"Miskolc, Hungary - May 20, 2018: Spotify starting up on an iPhone 8 connected to a new Skoda car. getty In a recent meeting with clients, I used my reverse DCF model to quantify the future revenue and cash flow expectations in Spotify (SPOT) at $622 per share. The results astounded me, and I think t...",0.05848505140692638,0.47459699675324674,Neutral
How Resilient are New Pathways in a Changing Labor Market?,2025-03-06T10:15:00Z,https://www.gettingsmart.com/2025/03/06/how-resilient-are-new-pathways-in-a-changing-labor-market/,Tweet Share Share Email Key Points The importance of integrating apprenticeship and work-integrated learning programs to bridge the gap between education and the labor market. Encouraging an entrepreneurial mindset and agency in young people to navigate and succeed in a rapidly changing economy. Stu...,0.13466315855346472,0.42419681650548996,Positive
"Deals: Samsung S25+ $150 off + $50 credit and 2x storage, Lenovo Snapdragon PC $500 off, Bose QuietComfort Ultra buds, more",2025-03-05T17:31:00Z,http://9to5google.com/2025/03/05/deals-samsung-s25-lenovo-ideapad-5-bose-ultra-buds/,"We have now moved on to day 3 of the massive Discover Samsung sale and the highlight deal of the day is now live ‚Äì Galaxy S25+ with $700 trade value , or up to $150 off with a bonus $50 credit and double storage for FREE . From there, we have unlocked Pixel 8a handsets at up to $132 off as well as L...",0.1401345045870594,0.43028594681879356,Positive
‚ÄòFoxes In The Snow‚Äô Is Jason Isbell‚Äôs Divorce Record,2025-03-05T16:02:26Z,https://uproxx.com/indie/jason-isbell-foxes-in-the-snow-review-divorce-record/,"Christy Bush ‚ÄòFoxes In The Snow‚Äô Is Jason Isbell‚Äôs Divorce Record Steven Hyden Cultural Critic Twitter March 5, 2025 For a Jason Isbell fan, it can be a challenge to pick his signature song. Stalwarts might go with something from the Drive-By Truckers era (‚ÄúDecoration Day‚Äù or ‚ÄúOutfit,‚Äù perhaps), or ...",0.11299777030198718,0.5305129609346476,Positive
"As Abrdn rebrands to aberdeen, let‚Äôs reflect on the importance of 3 little Es",2025-03-05T10:28:00Z,https://www.thedrum.com/opinion/2025/03/05/abrdn-rebrands-aberdeen-let-s-reflect-the-importance-3-little-es,,0.0,0.0,Insufficient Text
"As Abrdn re-rebrands to Aberdeen, let‚Äôs reflect on the importance of 3 little Es",2025-03-05T10:28:00Z,https://www.thedrum.com/opinion/2025/03/05/abrdn-re-rebrands-aberdeen-let-s-reflect-the-importance-3-little-es,,0.0,0.0,Insufficient Text
"Elon protests turn violent as arsonists set fire to Tesla cars, Plus: 2026 Chevy Spark",2025-03-05T02:02:21Z,http://electrek.co/2025/03/04/elon-protests-turn-violent-as-arsonists-set-fire-to-tesla-cars-plus-2026-chevy-spark/,"On today‚Äôs fiery episode of Quick Charge , it‚Äôs all bad news for Elon as Tesla sales continue to plunge in Europe, the pump fails to stop the TSLA stock price slide, and people set fire to dealers. Plus: BMW takes the top two spots in the J.D. Power EV owner satisfaction survey. Tesla shareholders w...",0.18452797202797203,0.5145590520590522,Positive
NVIDIA RTX 5070 Founders Edition Review: Blackwell Architecture for the Masses,2025-03-04T14:00:37Z,https://www.storagereview.com/review/nvidia-geforce-rtx-5070-founders-edition-ai-on-a-budget,"Consumer Workstation NVIDIA RTX 5070 Founders Edition Review: Blackwell Architecture for the Masses by Lyle Smith March 4, 2025 written by Lyle Smith March 4, 2025 NVIDIA GeForce RTX 5070 Founders Edition Review: We test its Blackwell architecture, DLSS 4, AI performance, and gaming benchmarks. The ...",0.16541289929876885,0.4329753217796699,Positive
Spotify's Bold AI Gamble Could Disrupt The Entire Music Industry,2025-03-04T06:46:08Z,https://www.forbes.com/sites/bernardmarr/2025/03/04/spotifys-bold-ai-gamble-could-disrupt-the-entire-music-industry/,Spotify is developing premium-tier AI music creation tools that could transform passive listeners ... [+] into active creators while generating higher revenue streams. Adobe Stock Spotify has a long history of bringing AI-powered features and functionality to users. This has helped it to grow from a...,0.0842860422405877,0.460357634789453,Neutral
Why tariffs 'aren‚Äôt the problem' in the stock market: Veteran trader,2025-03-03T23:27:39Z,https://biztoc.com/x/20660e8d69f6ceaa,"Markets S&P 5,673 0.04% ‚Ä¢ Dow 42,051 0.21% ‚Ä¢ Nasdaq 17,726 0.14% ‚Ä¢ Russel 2,083 0.02% ‚Ä¢ VIX 20.00 0.50% ‚Ä¢ 10Y 4.23 0.63% ‚Ä¢ Wilshire 42,053 0.00% ‚Ä¢ FTSE 8,705 0.02% ‚Ä¢ EuroStoxx 5,458 0.90% ‚Ä¢ DAX 23,035 1.09% ‚Ä¢ Hang Seng 24,220 2.23% ‚Ä¢ Nikkei 37,752 0.25% ‚Ä¢ Oil 68.24 1.61% ‚Ä¢ Gold 3,048 0.22% ‚Ä¢ Bitcoin...",0.10495730346588704,0.39938527415995256,Positive
Are plugs on social videos worth it?,2025-03-03T15:42:00Z,https://www.journalism.co.uk/news/are-call-to-actions-on-social-videos-worth-it-/s2/a1225356/,Are plugs on social videos worth it? Changes to platforms and user behaviour make 'like and   Here is what works and how to do it Posted: 3 March 2025 By: Jacob Granger Credit: Screenshots via The News Agents (left) and Johnny Harris (right) TikTok accounts Is it worth putting a small animation at t...,0.20973863636363632,0.4536883116883114,Positive
Markets brace for new tariffs that could surpass what Trump did during his entire first term,2025-03-03T15:26:27Z,https://finance.yahoo.com/news/markets-brace-for-new-tariffs-that-could-surpass-what-trump-did-during-his-entire-first-term-152627423.html,"Unlock stock picks and a broker-level newsfeed that powers Wall Street. Upgrade Now Trump delivers on new tariffs and draws retaliation with economic toll expected to be heavy Ben Werschkul ¬∑ Washington Correspondent Updated Tue, Mar 4, 2025, 11:52 AM 5 min read In This Article: ^DJI +0.06% GS +0.91...",0.1011551769616286,0.35624718769880065,Positive
"Tech Insider: A cheap home EV charger that‚Äôs made in NZ, AWS‚Äôs local financials revealed",2025-03-02T16:00:00Z,https://www.nzherald.co.nz/business/tech-insider-a-cheap-home-ev-charger-thats-made-in-nz-awss-local-financials-revealed/RNC6JDM3UVE6XIEAJUVY3Z2FMI/,Search,0.0,0.0,Insufficient Text
Brand Manual & Style Guide Template for Adobe InDesign,2025-03-02T15:08:21Z,https://tumblr.weandthecolor.com/post/776919424926154752/brand-manual-style-guide-template-for-adobe,"Brand Manual & Style Guide Template for Adobe InDesign This professional Adobe InDesign brand manual and style guide template by Adobe Stock contributor GrkiCreative is perfect for freelance designers and branding studios. Featuring a clean layout with blue accents, the 32-page template includes eig...",0.3166666666666667,0.45555555555555566,Positive
Pixelated 043: Chromecast flies the Nest,2025-02-28T22:00:00Z,http://9to5google.com/2025/02/28/pixelated-043/,"Welcome to episode 43 of Pixelated, a podcast by 9to5Google . This week, we talk about the Chromecast going out of stock and the future of Gemini smart displays/speakers.  com , leave a comment on the post, or to our producer . Add 9to5Google to your Google News feed. FTC: We use income earning auto...",0.41904761904761906,0.6594576719576719,Positive
AI And Copyright: Expanding Copyright Hurts Everyone‚ÄîHere‚Äôs What to Do Instead,2025-02-28T18:43:29Z,https://www.techdirt.com/2025/02/28/ai-and-copyright-expanding-copyright-hurts-everyone-heres-what-to-do-instead/,TechDirt GreenHouse Free Speech Error 402 Ctrl-Alt-Speech Deals Jobs Support Techdirt,0.0,0.0,Insufficient Text
17+ items we tried and love in February,2025-02-28T17:58:54Z,https://www.nbcnews.com/select/shopping/editors-picks-february-rcna141226,"Some of our favorite products of the past four weeks, include a calf stretcher, an adjustable dumbbell set and a shave bar. Courtesy Zoe Malin; Courtesy Nikki Brown; Courtesy Cory Fernandez By Bianca Alvarez Skip to table of contents I always think of February as an exceptionally lovey-dovey month, ...",0.17502672591958293,0.5023903697713223,Positive
Investors may be badly underestimating this long-term tailwind for Nvidia,2025-02-28T15:27:49Z,https://biztoc.com/x/d11a999f7bb0daaa,"Markets S&P 5,663 0.22% ‚Ä¢ Dow 41,986 0.05% ‚Ä¢ Nasdaq 17,684 0.38% ‚Ä¢ Russel 2,079 0.14% ‚Ä¢ VIX 20.27 1.86% ‚Ä¢ 10Y 4.23 0.70% ‚Ä¢ Wilshire 42,053 0.00% ‚Ä¢ FTSE 8,699 0.09% ‚Ä¢ EuroStoxx 5,452 1.00% ‚Ä¢ DAX 23,013 1.18% ‚Ä¢ Hang Seng 24,220 2.23% ‚Ä¢ Nikkei 37,752 0.25% ‚Ä¢ Oil 68.20 1.55% ‚Ä¢ Gold 3,044 0.08% ‚Ä¢ Bitcoin...",0.1079252331882014,0.40581587280794806,Positive
Investors may be badly underestimating this long-term tailwind for Nvidia,2025-02-28T15:17:17Z,https://finance.yahoo.com/news/investors-may-be-badly-underestimating-this-long-term-tailwind-for-nvidia-151717703.html,"Unlock stock picks and a broker-level newsfeed that powers Wall Street. Upgrade Now Investors may be badly underestimating this long-term tailwind for Nvidia Brian Sozzi ¬∑ Executive Editor Fri, Feb 28, 2025, 4:17 PM 3 min read In This Article: AMD +0.28% ORCL +0.81% AMZN -0.30% NVDA +0.60% Listen an...",0.12350996225996227,0.4657903207903207,Positive
Cathie Wood Sells Off Spotify Stock As YouTube Clamors For Podcast Crown,2025-02-28T01:47:32Z,https://biztoc.com/x/dbab008186af9be6,"Markets S&P 5,663 0.22% ‚Ä¢ Dow 41,986 0.05% ‚Ä¢ Nasdaq 17,684 0.38% ‚Ä¢ Russel 2,079 0.14% ‚Ä¢ VIX 20.27 1.86% ‚Ä¢ 10Y 4.23 0.70% ‚Ä¢ Wilshire 42,053 0.00% ‚Ä¢ FTSE 8,699 0.09% ‚Ä¢ EuroStoxx 5,452 1.00% ‚Ä¢ DAX 23,013 1.18% ‚Ä¢ Hang Seng 24,220 2.23% ‚Ä¢ Nikkei 37,752 0.25% ‚Ä¢ Oil 68.20 1.55% ‚Ä¢ Gold 3,044 0.08% ‚Ä¢ Bitcoin...",0.1079252331882014,0.40581587280794806,Positive
Do Nvidia earnings signal a bottom in 'Magnificent 7' stocks?,2025-02-27T17:11:06Z,https://biztoc.com/x/be97a15156777415,"Markets S&P 5,663 0.22% ‚Ä¢ Dow 41,986 0.05% ‚Ä¢ Nasdaq 17,684 0.38% ‚Ä¢ Russel 2,079 0.14% ‚Ä¢ VIX 20.27 1.86% ‚Ä¢ 10Y 4.23 0.70% ‚Ä¢ Wilshire 42,053 0.00% ‚Ä¢ FTSE 8,699 0.09% ‚Ä¢ EuroStoxx 5,452 1.00% ‚Ä¢ DAX 23,013 1.18% ‚Ä¢ Hang Seng 24,220 2.23% ‚Ä¢ Nikkei 37,752 0.25% ‚Ä¢ Oil 68.20 1.55% ‚Ä¢ Gold 3,044 0.08% ‚Ä¢ Bitcoin...",0.1079252331882014,0.40581587280794806,Positive
2025 NFL mock draft: Abdul Carter goes No. 1 despite foot injury; Jayden Daniels gets new weapon in pass game,2025-02-27T14:39:28Z,https://www.cbssports.com/nfl/draft/news/2025-nfl-mock-draft-abdul-carter-goes-no-1-despite-foot-injury-jayden-daniels-gets-new-weapon-in-pass-game/,NFL Home 2025 NFL Draft Prospect Rankings NFL News & Highlights Mock Drafts,0.0,0.0,Insufficient Text
Private Advisor Group LLC Sells 166 Shares of Spotify Technology S.A. (NYSE:SPOT),2025-02-27T10:21:34Z,https://www.etfdailynews.com/2025/02/27/private-advisor-group-llc-sells-166-shares-of-spotify-technology-s-a-nysespot/,"You might be interested in: MongoDB, Inc. Shares Purchased by HighTower Advisors LLC Sequoia Financial Advisors LLC Has $241,000 Stake in Franco-Nevada Co. Independent Advisor Alliance Has $217,000 Stock Position in Snap Inc. AlphaQuest LLC Sells 978 Shares of MicroStrategy Incorporated Science Appl...",0.07296650717703348,0.17392344497607654,Neutral
Economic Statistics,2025-02-27T09:08:24Z,https://everything-everywhere.com/economic-statistics/,"  Markets will often wait for the release of these statistics, and billions of dollars of investments will often hang on what these statistics reveal. While the announcement of economic data will often make the news, many people aren‚Äôt aware of what these statistics actually mean. Often times they r...",0.11026914279573853,0.4371808522446823,Positive
ZoomInfo CEO says he is buying more stock as shares explode more than 20% higher,2025-02-26T17:01:58Z,https://finance.yahoo.com/news/zoominfo-ceo-says-he-is-buying-more-stock-as-shares-explode-more-than-20-higher-170158722.html,"Unlock stock picks and a broker-level newsfeed that powers Wall Street. Upgrade Now ZoomInfo CEO says he is buying more stock as shares explode more than 20% higher Brian Sozzi ¬∑ Executive Editor Wed, Feb 26, 2025, 6:01 PM 2 min read In This Article: ZI -1.06% Listen and   An earnings-driven stock s...",0.16121712754365816,0.3739030244132284,Positive
"To Grow Profitably, Take It Slow",2025-02-26T13:22:00Z,https://hbr.org/podcast/2025/02/to-grow-profitably-take-it-slow,"Details Transcript February 26, 2025 Many companies, especially in the tech world, have come to embrace the idea of growth at all costs. But according to research from Gary Pisano, professor at Harvard Business School, most firms fail to consistently increase revenues and profits over the long term,...",0.18224449234365736,0.49013547343401165,Positive
Spotify Technology (NYSE:SPOT) Earns ‚ÄúBuy‚Äù Rating from Guggenheim,2025-02-26T07:08:49Z,https://www.etfdailynews.com/2025/02/26/spotify-technology-nysespot-earns-buy-rating-from-guggenheim/,"You might be interested in: MongoDB, Inc. Shares Purchased by HighTower Advisors LLC Sequoia Financial Advisors LLC Has $241,000 Stake in Franco-Nevada Co. Independent Advisor Alliance Has $217,000 Stock Position in Snap Inc. AlphaQuest LLC Sells 978 Shares of MicroStrategy Incorporated Science Appl...",0.07296650717703348,0.17392344497607654,Neutral
"TSLA gets hammered, Mercedes set to ditch EQ, and big van news",2025-02-26T02:10:54Z,http://electrek.co/2025/02/25/tsla-gets-hammered-mercedes-set-to-ditch-eq-and-big-van-news/,"With revenue tumbling almost as fast as market share, Tesla stock is taking a pounding ‚Äì exactly like CEO Elon Musk predicted! We‚Äôve also got FSD rolling out in China, a German automation acquisition, and more on today‚Äôs red candlestick edition of Quick Charge ! We‚Äôve also got some clarifying news a...",0.2019581317375435,0.457165138782786,Positive
"Photoshop is Now Free, Here‚Äôs What You Need to Know",2025-02-25T14:00:00Z,https://www.thephoblographer.com/2025/02/25/photoshop-is-now-free-heres-what-you-need-to-know/,"The Phoblographer may receive affiliate compensation for products purchased using links in this article. For more information, please visit our Disclaimers page . News Photoshop is Now Free, Here‚Äôs What You Need to Know Chris Gampat No Comments Last updated on 02/24/2025 02/25/2025 3 Mins read Sprea...",0.22174523007856345,0.5012906846240179,Positive
